,0
2020-07-27 04:00:00+00:00,100000.0
2020-07-28 04:00:00+00:00,100000.0
2020-07-29 04:00:00+00:00,100000.0
2020-07-30 04:00:00+00:00,100000.0
2020-07-31 04:00:00+00:00,100000.0
2020-08-03 04:00:00+00:00,100000.0
2020-08-04 04:00:00+00:00,100000.0
2020-08-05 04:00:00+00:00,100000.0
2020-08-06 04:00:00+00:00,100000.0
2020-08-07 04:00:00+00:00,100000.0
2020-08-10 04:00:00+00:00,100000.0
2020-08-11 04:00:00+00:00,100000.0
2020-08-12 04:00:00+00:00,100000.0
2020-08-13 04:00:00+00:00,100000.0
2020-08-14 04:00:00+00:00,100000.0
2020-08-17 04:00:00+00:00,100000.0
2020-08-18 04:00:00+00:00,100000.0
2020-08-19 04:00:00+00:00,100000.0
2020-08-20 04:00:00+00:00,100000.0
2020-08-21 04:00:00+00:00,100000.0
2020-08-24 04:00:00+00:00,100000.0
2020-08-25 04:00:00+00:00,100000.0
2020-08-26 04:00:00+00:00,100000.0
2020-08-27 04:00:00+00:00,100000.0
2020-08-28 04:00:00+00:00,100000.0
2020-08-31 04:00:00+00:00,100000.0
2020-09-01 04:00:00+00:00,100000.0
2020-09-02 04:00:00+00:00,100000.0
2020-09-03 04:00:00+00:00,100000.0
2020-09-04 04:00:00+00:00,100000.0
2020-09-08 04:00:00+00:00,100000.0
2020-09-09 04:00:00+00:00,100000.0
2020-09-10 04:00:00+00:00,100000.0
2020-09-11 04:00:00+00:00,100000.0
2020-09-14 04:00:00+00:00,100000.0
2020-09-15 04:00:00+00:00,100000.0
2020-09-16 04:00:00+00:00,100000.0
2020-09-17 04:00:00+00:00,100000.0
2020-09-18 04:00:00+00:00,100000.0
2020-09-21 04:00:00+00:00,100000.0
2020-09-22 04:00:00+00:00,100000.0
2020-09-23 04:00:00+00:00,100000.0
2020-09-24 04:00:00+00:00,100000.0
2020-09-25 04:00:00+00:00,100000.0
2020-09-28 04:00:00+00:00,100000.0
2020-09-29 04:00:00+00:00,100000.0
2020-09-30 04:00:00+00:00,100000.0
2020-10-01 04:00:00+00:00,100000.0
2020-10-02 04:00:00+00:00,100000.0
2020-10-05 04:00:00+00:00,100000.0
2020-10-06 04:00:00+00:00,100000.0
2020-10-07 04:00:00+00:00,100000.0
2020-10-08 04:00:00+00:00,100000.0
2020-10-09 04:00:00+00:00,100000.0
2020-10-12 04:00:00+00:00,100000.0
2020-10-13 04:00:00+00:00,100000.0
2020-10-14 04:00:00+00:00,100000.0
2020-10-15 04:00:00+00:00,100000.0
2020-10-16 04:00:00+00:00,100000.0
2020-10-19 04:00:00+00:00,100000.0
2020-10-20 04:00:00+00:00,100000.0
2020-10-21 04:00:00+00:00,100000.0
2020-10-22 04:00:00+00:00,100000.0
2020-10-23 04:00:00+00:00,100000.0
2020-10-26 04:00:00+00:00,100000.0
2020-10-27 04:00:00+00:00,100000.0
2020-10-28 04:00:00+00:00,100000.0
2020-10-29 04:00:00+00:00,100000.0
2020-10-30 04:00:00+00:00,100000.0
2020-11-02 05:00:00+00:00,100000.0
2020-11-03 05:00:00+00:00,100000.0
2020-11-04 05:00:00+00:00,100000.0
2020-11-05 05:00:00+00:00,100000.0
2020-11-06 05:00:00+00:00,100000.0
2020-11-09 05:00:00+00:00,100000.0
2020-11-10 05:00:00+00:00,100000.0
2020-11-11 05:00:00+00:00,100000.0
2020-11-12 05:00:00+00:00,100000.0
2020-11-13 05:00:00+00:00,100000.0
2020-11-16 05:00:00+00:00,99996.03175
2020-11-17 05:00:00+00:00,99937.95175
2020-11-18 05:00:00+00:00,99847.53175
2020-11-19 05:00:00+00:00,99897.69175
2020-11-20 05:00:00+00:00,99799.72871
2020-11-23 05:00:00+00:00,100156.66298999998
2020-11-24 05:00:00+00:00,100634.98298999999
2020-11-25 05:00:00+00:00,101319.94298999998
2020-11-27 05:00:00+00:00,101611.02298999998
2020-11-30 05:00:00+00:00,101640.61741999998
2020-12-01 05:00:00+00:00,101729.82423999997
2020-12-02 05:00:00+00:00,100868.58881999998
2020-12-03 05:00:00+00:00,101025.73629999998
2020-12-04 05:00:00+00:00,101356.72204999998
2020-12-07 05:00:00+00:00,101483.58204999997
2020-12-08 05:00:00+00:00,101590.10204999997
2020-12-09 05:00:00+00:00,100949.50902999997
2020-12-10 05:00:00+00:00,101105.08902999997
2020-12-11 05:00:00+00:00,101067.57902999998
2020-12-14 05:00:00+00:00,101240.86110499997
2020-12-15 05:00:00+00:00,101757.82110499998
2020-12-16 05:00:00+00:00,101735.37110499998
2020-12-17 05:00:00+00:00,101912.95110499999
2020-12-18 05:00:00+00:00,101892.80110499998
2020-12-21 05:00:00+00:00,101511.17110499997
2020-12-22 05:00:00+00:00,101487.17110499997
2020-12-23 05:00:00+00:00,101281.73438499999
2020-12-24 05:00:00+00:00,101339.68438499999
2020-12-28 05:00:00+00:00,101628.21438499998
2020-12-29 05:00:00+00:00,101517.49938499999
2020-12-30 05:00:00+00:00,101447.65438499999
2020-12-31 05:00:00+00:00,101418.37438499999
2021-01-04 05:00:00+00:00,101418.37438499999
2021-01-05 05:00:00+00:00,101418.37438499999
2021-01-06 05:00:00+00:00,101418.37438499999
2021-01-07 05:00:00+00:00,101418.37438499999
2021-01-08 05:00:00+00:00,101418.37438499999
2021-01-11 05:00:00+00:00,101418.37438499999
2021-01-12 05:00:00+00:00,101418.37438499999
2021-01-13 05:00:00+00:00,101418.37438499999
2021-01-14 05:00:00+00:00,101418.37438499999
2021-01-15 05:00:00+00:00,101418.37438499999
2021-01-19 05:00:00+00:00,101418.37438499999
2021-01-20 05:00:00+00:00,101418.37438499999
2021-01-21 05:00:00+00:00,101418.37438499999
2021-01-22 05:00:00+00:00,101418.37438499999
2021-01-25 05:00:00+00:00,101418.37438499999
2021-01-26 05:00:00+00:00,101418.37438499999
2021-01-27 05:00:00+00:00,101414.32906499998
2021-01-28 05:00:00+00:00,101460.15978999998
2021-01-29 05:00:00+00:00,101152.01306999999
2021-02-01 05:00:00+00:00,101043.61306999999
2021-02-02 05:00:00+00:00,101192.90201999998
2021-02-03 05:00:00+00:00,101736.04601999998
2021-02-04 05:00:00+00:00,101949.78601999999
2021-02-05 05:00:00+00:00,101986.50602
2021-02-08 05:00:00+00:00,102370.69133999999
2021-02-09 05:00:00+00:00,102590.87133999998
2021-02-10 05:00:00+00:00,102236.37133999998
2021-02-11 05:00:00+00:00,102363.97133999999
2021-02-12 05:00:00+00:00,102465.27068999998
2021-02-16 05:00:00+00:00,102941.05068999999
2021-02-17 05:00:00+00:00,102998.67068999998
2021-02-18 05:00:00+00:00,102779.45068999998
2021-02-19 05:00:00+00:00,102917.85068999999
2021-02-22 05:00:00+00:00,103750.09068999998
2021-02-23 05:00:00+00:00,103622.65068999998
2021-02-24 05:00:00+00:00,103636.25068999999
2021-02-25 05:00:00+00:00,103446.65068999998
2021-02-26 05:00:00+00:00,103513.81869999999
2021-03-01 05:00:00+00:00,104261.45869999999
2021-03-02 05:00:00+00:00,104172.95380999998
2021-03-03 05:00:00+00:00,104215.69380999998
2021-03-04 05:00:00+00:00,103839.33380999997
2021-03-05 05:00:00+00:00,104001.59945999997
2021-03-08 05:00:00+00:00,104114.14310999998
2021-03-09 05:00:00+00:00,104064.96902999998
2021-03-10 05:00:00+00:00,104684.18902999998
2021-03-11 05:00:00+00:00,104672.83902999997
2021-03-12 05:00:00+00:00,104888.74902999998
2021-03-15 04:00:00+00:00,105306.06902999998
2021-03-16 04:00:00+00:00,105325.22902999997
2021-03-17 04:00:00+00:00,105506.01902999997
2021-03-18 04:00:00+00:00,105314.59902999997
2021-03-19 04:00:00+00:00,104971.74902999998
2021-03-22 04:00:00+00:00,105075.80902999997
2021-03-23 04:00:00+00:00,104923.34902999997
2021-03-24 04:00:00+00:00,104983.84902999997
2021-03-25 04:00:00+00:00,104998.36902999997
2021-03-26 04:00:00+00:00,105132.16608999998
2021-03-29 04:00:00+00:00,105336.06608999998
2021-03-30 04:00:00+00:00,105061.49032499999
2021-03-31 04:00:00+00:00,105381.65032499998
2021-04-01 04:00:00+00:00,105612.93032499998
2021-04-05 04:00:00+00:00,105418.95032499998
2021-04-06 04:00:00+00:00,105397.74032499998
2021-04-07 04:00:00+00:00,105191.29032499998
2021-04-08 04:00:00+00:00,105213.86032499997
2021-04-09 04:00:00+00:00,104969.66032499998
2021-04-12 04:00:00+00:00,104969.66032499998
2021-04-13 04:00:00+00:00,104969.66032499998
2021-04-14 04:00:00+00:00,104965.48328499998
2021-04-15 04:00:00+00:00,105356.36328499997
2021-04-16 04:00:00+00:00,104924.04328499998
2021-04-19 04:00:00+00:00,104924.04328499998
2021-04-20 04:00:00+00:00,104797.48328499998
2021-04-21 04:00:00+00:00,104797.48328499998
2021-04-22 04:00:00+00:00,104793.36840499997
2021-04-23 04:00:00+00:00,104859.44928999999
2021-04-26 04:00:00+00:00,104719.06198999999
2021-04-27 04:00:00+00:00,104634.11198999999
2021-04-28 04:00:00+00:00,104465.73198999999
2021-04-29 04:00:00+00:00,104392.57198999998
2021-04-30 04:00:00+00:00,104416.51026999998
2021-05-03 04:00:00+00:00,104911.25527
2021-05-04 04:00:00+00:00,104574.42186999998
2021-05-05 04:00:00+00:00,105356.00186999998
2021-05-06 04:00:00+00:00,105375.09186999997
2021-05-07 04:00:00+00:00,106122.13139499999
2021-05-10 04:00:00+00:00,105645.401395
2021-05-11 04:00:00+00:00,105276.50236499998
2021-05-12 04:00:00+00:00,105059.64248499999
2021-05-13 04:00:00+00:00,105227.30248499998
2021-05-14 04:00:00+00:00,105624.52248499998
2021-05-17 04:00:00+00:00,105393.69248499999
2021-05-18 04:00:00+00:00,105311.462485
2021-05-19 04:00:00+00:00,105125.51989
2021-05-20 04:00:00+00:00,104947.58989
2021-05-21 04:00:00+00:00,104820.96893
2021-05-24 04:00:00+00:00,105279.10892999999
2021-05-25 04:00:00+00:00,105537.54892999999
2021-05-26 04:00:00+00:00,106048.38893
2021-05-27 04:00:00+00:00,106457.84893
2021-05-28 04:00:00+00:00,106236.98892999999
2021-06-01 04:00:00+00:00,106480.16892999999
2021-06-02 04:00:00+00:00,107257.22892999998
2021-06-03 04:00:00+00:00,106739.15892999999
2021-06-04 04:00:00+00:00,106595.91595
2021-06-07 04:00:00+00:00,106714.13595
2021-06-08 04:00:00+00:00,106769.47595
2021-06-09 04:00:00+00:00,106336.57594999998
2021-06-10 04:00:00+00:00,106083.17594999999
2021-06-11 04:00:00+00:00,106083.17594999999
2021-06-14 04:00:00+00:00,106083.17594999999
2021-06-15 04:00:00+00:00,106083.17594999999
2021-06-16 04:00:00+00:00,106078.944135
2021-06-17 04:00:00+00:00,106243.23413499999
2021-06-18 04:00:00+00:00,106335.51059
2021-06-21 04:00:00+00:00,106398.07059000002
2021-06-22 04:00:00+00:00,106428.31059000001
2021-06-23 04:00:00+00:00,106828.50059000001
2021-06-24 04:00:00+00:00,107220.16059
2021-06-25 04:00:00+00:00,106956.52059
2021-06-28 04:00:00+00:00,107183.74059
2021-06-29 04:00:00+00:00,107073.70059
2021-06-30 04:00:00+00:00,107062.36059
2021-07-01 04:00:00+00:00,107036.11059
2021-07-02 04:00:00+00:00,107044.16059
2021-07-06 04:00:00+00:00,106895.76059
2021-07-07 04:00:00+00:00,106895.76059
2021-07-08 04:00:00+00:00,106895.76059
2021-07-09 04:00:00+00:00,106887.25132000001
2021-07-12 04:00:00+00:00,107080.18132
2021-07-13 04:00:00+00:00,107113.13996
2021-07-14 04:00:00+00:00,106629.43995999999
2021-07-15 04:00:00+00:00,106528.81996
2021-07-16 04:00:00+00:00,106528.81996
2021-07-19 04:00:00+00:00,106528.81996
2021-07-20 04:00:00+00:00,106520.3715975
2021-07-21 04:00:00+00:00,106441.04659749998
2021-07-22 04:00:00+00:00,106531.50659749999
2021-07-23 04:00:00+00:00,106676.66659749999
2021-07-26 04:00:00+00:00,106611.06659749999
2021-07-27 04:00:00+00:00,106655.08659749999
2021-07-28 04:00:00+00:00,106927.39659749999
2021-07-29 04:00:00+00:00,106697.8486225
2021-07-30 04:00:00+00:00,106629.04862249999
2021-08-02 04:00:00+00:00,106741.7086225
2021-08-03 04:00:00+00:00,106767.2936225
2021-08-04 04:00:00+00:00,106961.0086225
2021-08-05 04:00:00+00:00,107117.0986225
2021-08-06 04:00:00+00:00,106998.8486225
2021-08-09 04:00:00+00:00,106970.6836225
2021-08-10 04:00:00+00:00,106814.3786225
2021-08-11 04:00:00+00:00,106711.6086225
2021-08-12 04:00:00+00:00,106798.0386225
2021-08-13 04:00:00+00:00,106925.7486225
2021-08-16 04:00:00+00:00,106822.9786225
2021-08-17 04:00:00+00:00,106610.5586225
2021-08-18 04:00:00+00:00,106413.18862249999
2021-08-19 04:00:00+00:00,106757.6756625
2021-08-20 04:00:00+00:00,107255.91566249999
2021-08-23 04:00:00+00:00,107797.13566249999
2021-08-24 04:00:00+00:00,107695.0456625
2021-08-25 04:00:00+00:00,107866.72566249999
2021-08-26 04:00:00+00:00,107749.2056625
2021-08-27 04:00:00+00:00,107991.2956625
2021-08-30 04:00:00+00:00,108012.7956625
2021-08-31 04:00:00+00:00,107879.9256625
2021-09-01 04:00:00+00:00,107903.5627625
2021-09-02 04:00:00+00:00,108399.7827625
2021-09-03 04:00:00+00:00,108368.3927625
2021-09-07 04:00:00+00:00,108200.2627625
2021-09-08 04:00:00+00:00,107876.47276250001
2021-09-09 04:00:00+00:00,107794.0193025
2021-09-10 04:00:00+00:00,107918.50930250001
2021-09-13 04:00:00+00:00,107833.55155250001
2021-09-14 04:00:00+00:00,107806.91155250001
2021-09-15 04:00:00+00:00,107848.5660975
2021-09-16 04:00:00+00:00,107851.46147250001
2021-09-17 04:00:00+00:00,107654.20147250002
2021-09-20 04:00:00+00:00,107080.60147250001
2021-09-21 04:00:00+00:00,107076.3256175
2021-09-22 04:00:00+00:00,107411.49365750002
2021-09-23 04:00:00+00:00,108173.43734
2021-09-24 04:00:00+00:00,108774.19734
2021-09-27 04:00:00+00:00,109105.56154
2021-09-28 04:00:00+00:00,108227.63845999999
2021-09-29 04:00:00+00:00,107648.03845999998
2021-09-30 04:00:00+00:00,107351.93845999999
2021-10-01 04:00:00+00:00,108284.09845999998
2021-10-04 04:00:00+00:00,107686.89846
2021-10-05 04:00:00+00:00,107661.957505
2021-10-06 04:00:00+00:00,107806.54883499998
2021-10-07 04:00:00+00:00,108128.80883499997
2021-10-08 04:00:00+00:00,108309.28883499998
2021-10-11 04:00:00+00:00,108319.56267999997
2021-10-12 04:00:00+00:00,108074.09032999998
2021-10-13 04:00:00+00:00,108349.30032999997
2021-10-14 04:00:00+00:00,108912.03532999996
2021-10-15 04:00:00+00:00,109704.90032999997
2021-10-18 04:00:00+00:00,110259.64532999997
2021-10-19 04:00:00+00:00,110430.62032999996
2021-10-20 04:00:00+00:00,110328.28032999995
2021-10-21 04:00:00+00:00,110452.65518499995
2021-10-22 04:00:00+00:00,110499.90018499996
2021-10-25 04:00:00+00:00,111215.62018499996
2021-10-26 04:00:00+00:00,110925.18518499997
2021-10-27 04:00:00+00:00,110838.02518499996
2021-10-28 04:00:00+00:00,111071.49518499996
2021-10-29 04:00:00+00:00,111246.94018499996
2021-11-01 04:00:00+00:00,111676.52920249995
2021-11-02 04:00:00+00:00,112316.41897749997
2021-11-03 04:00:00+00:00,112377.44397749996
2021-11-04 04:00:00+00:00,112630.78512249996
2021-11-05 04:00:00+00:00,115171.72012249997
2021-11-08 05:00:00+00:00,115553.09512249997
2021-11-09 05:00:00+00:00,115565.37577249997
2021-11-10 05:00:00+00:00,115183.70077249997
2021-11-11 05:00:00+00:00,115066.70077249997
2021-11-12 05:00:00+00:00,115029.80077249996
2021-11-15 05:00:00+00:00,115021.70077249997
2021-11-16 05:00:00+00:00,115077.50077249997
2021-11-17 05:00:00+00:00,115005.42457249996
2021-11-18 05:00:00+00:00,114819.42457249996
2021-11-19 05:00:00+00:00,114719.13565249994
2021-11-22 05:00:00+00:00,114734.81565249995
2021-11-23 05:00:00+00:00,114709.05565249994
2021-11-24 05:00:00+00:00,114704.47065249993
2021-11-26 05:00:00+00:00,114548.13957499994
2021-11-29 05:00:00+00:00,114764.41504999995
2021-11-30 05:00:00+00:00,113892.39831499994
2021-12-01 05:00:00+00:00,113490.03331499994
2021-12-02 05:00:00+00:00,113932.90505999992
2021-12-03 05:00:00+00:00,114549.98505999992
2021-12-06 05:00:00+00:00,114354.41505999991
2021-12-07 05:00:00+00:00,114524.61183499992
2021-12-08 05:00:00+00:00,114987.90183499991
2021-12-09 05:00:00+00:00,114738.9118349999
2021-12-10 05:00:00+00:00,114782.16183499992
2021-12-13 05:00:00+00:00,114574.12576999991
2021-12-14 05:00:00+00:00,114332.29576999991
2021-12-15 05:00:00+00:00,114614.5357699999
2021-12-16 05:00:00+00:00,114581.7757699999
2021-12-17 05:00:00+00:00,114335.14042999991
2021-12-20 05:00:00+00:00,114567.6804299999
2021-12-21 05:00:00+00:00,114115.02507999989
2021-12-22 05:00:00+00:00,114229.07495999988
2021-12-23 05:00:00+00:00,114324.95886999989
2021-12-27 05:00:00+00:00,114770.30789499989
2021-12-28 05:00:00+00:00,113539.33555999989
2021-12-29 05:00:00+00:00,113149.2783349999
2021-12-30 05:00:00+00:00,113257.5649349999
2021-12-31 05:00:00+00:00,112573.27240499991
2022-01-03 05:00:00+00:00,113611.2024049999
2022-01-04 05:00:00+00:00,113781.2634349999
2022-01-05 05:00:00+00:00,112188.42343499989
2022-01-06 05:00:00+00:00,112107.44343499988
2022-01-07 05:00:00+00:00,112737.3984349999
2022-01-10 05:00:00+00:00,112276.8834349999
2022-01-11 05:00:00+00:00,112280.60343499988
2022-01-12 05:00:00+00:00,111979.26343499988
2022-01-13 05:00:00+00:00,111979.26343499988
2022-01-14 05:00:00+00:00,111979.26343499988
2022-01-18 05:00:00+00:00,111979.26343499988
2022-01-19 05:00:00+00:00,111979.26343499988
2022-01-20 05:00:00+00:00,111970.3636499999
2022-01-21 05:00:00+00:00,111924.90191999989
2022-01-24 05:00:00+00:00,111851.8402199999
2022-01-25 05:00:00+00:00,111629.5574699999
2022-01-26 05:00:00+00:00,111320.06746999989
2022-01-27 05:00:00+00:00,111394.16746999988
2022-01-28 05:00:00+00:00,111524.93875999987
2022-01-31 05:00:00+00:00,111164.98875999989
2022-02-01 05:00:00+00:00,111162.89875999988
2022-02-02 05:00:00+00:00,111360.36945249989
2022-02-03 05:00:00+00:00,111057.11445249988
2022-02-04 05:00:00+00:00,111411.18445249989
2022-02-07 05:00:00+00:00,111793.10445249989
2022-02-08 05:00:00+00:00,111615.46511249989
2022-02-09 05:00:00+00:00,112283.0668524999
2022-02-10 05:00:00+00:00,112074.4218524999
2022-02-11 05:00:00+00:00,110746.9018524999
2022-02-14 05:00:00+00:00,110742.4817724999
2022-02-15 05:00:00+00:00,110833.3045524999
2022-02-16 05:00:00+00:00,110300.7445524999
2022-02-17 05:00:00+00:00,109704.5704924999
2022-02-18 05:00:00+00:00,108519.3704924999
2022-02-22 05:00:00+00:00,107617.5397674999
2022-02-23 05:00:00+00:00,107162.54976749989
2022-02-24 05:00:00+00:00,106755.32641749988
2022-02-25 05:00:00+00:00,107063.07067749987
2022-02-28 05:00:00+00:00,107531.29596499988
2022-03-01 05:00:00+00:00,106699.84096499986
2022-03-02 05:00:00+00:00,106954.81656499987
2022-03-03 05:00:00+00:00,105685.58074749989
2022-03-04 05:00:00+00:00,104760.04206749989
2022-03-07 05:00:00+00:00,103618.13206749989
2022-03-08 05:00:00+00:00,103556.0501674999
2022-03-09 05:00:00+00:00,103749.54962999989
2022-03-10 05:00:00+00:00,104350.4196299999
2022-03-11 05:00:00+00:00,103966.7696299999
2022-03-14 04:00:00+00:00,103655.52844999991
2022-03-15 04:00:00+00:00,103298.1584499999
2022-03-16 04:00:00+00:00,103219.2274899999
2022-03-17 04:00:00+00:00,104194.9411699999
2022-03-18 04:00:00+00:00,104895.13632999992
2022-03-21 04:00:00+00:00,104863.52830499993
2022-03-22 04:00:00+00:00,106188.50830499991
2022-03-23 04:00:00+00:00,105312.41798499992
2022-03-24 04:00:00+00:00,107760.5729849999
2022-03-25 04:00:00+00:00,106971.30492499989
2022-03-28 04:00:00+00:00,109121.92492499993
2022-03-29 04:00:00+00:00,111435.95992499992
2022-03-30 04:00:00+00:00,108557.85992499991
2022-03-31 04:00:00+00:00,106810.92992499992
2022-04-01 04:00:00+00:00,106875.90929999991
2022-04-04 04:00:00+00:00,107724.4613799999
2022-04-05 04:00:00+00:00,106799.31250999992
2022-04-06 04:00:00+00:00,105258.19750999991
2022-04-07 04:00:00+00:00,105244.60750999991
2022-04-08 04:00:00+00:00,105110.9575099999
2022-04-11 04:00:00+00:00,104913.98488499991
2022-04-12 04:00:00+00:00,104613.66621499992
2022-04-13 04:00:00+00:00,104734.5562149999
2022-04-14 04:00:00+00:00,104701.79621499991
2022-04-18 04:00:00+00:00,104811.0062149999
2022-04-19 04:00:00+00:00,105006.6462149999
2022-04-20 04:00:00+00:00,104840.6962149999
2022-04-21 04:00:00+00:00,104560.5762149999
2022-04-22 04:00:00+00:00,104560.5762149999
2022-04-25 04:00:00+00:00,104556.4241399999
2022-04-26 04:00:00+00:00,104419.57413999991
2022-04-27 04:00:00+00:00,104457.5241399999
2022-04-28 04:00:00+00:00,104565.62413999991
2022-04-29 04:00:00+00:00,104413.1518999999
2022-05-02 04:00:00+00:00,104216.0607549999
2022-05-03 04:00:00+00:00,104194.96198999992
2022-05-04 04:00:00+00:00,105022.14692499992
2022-05-05 04:00:00+00:00,102065.75703499992
2022-05-06 04:00:00+00:00,101184.40703499991
2022-05-09 04:00:00+00:00,100455.23633999992
2022-05-10 04:00:00+00:00,100422.2563399999
2022-05-11 04:00:00+00:00,100390.3463399999
2022-05-12 04:00:00+00:00,100477.01633999991
2022-05-13 04:00:00+00:00,100425.33401999992
2022-05-16 04:00:00+00:00,100807.41401999992
2022-05-17 04:00:00+00:00,101188.35528999992
2022-05-18 04:00:00+00:00,100368.27888999993
2022-05-19 04:00:00+00:00,100041.43888999993
2022-05-20 04:00:00+00:00,100134.57888999993
2022-05-23 04:00:00+00:00,100443.15280249994
2022-05-24 04:00:00+00:00,98218.74440249993
2022-05-25 04:00:00+00:00,99854.01940249994
2022-05-26 04:00:00+00:00,101512.73940249992
2022-05-27 04:00:00+00:00,103574.17440249992
2022-05-31 04:00:00+00:00,103535.77416249993
2022-06-01 04:00:00+00:00,101347.55916249994
2022-06-02 04:00:00+00:00,103227.22916249992
2022-06-03 04:00:00+00:00,101318.56582749993
2022-06-06 04:00:00+00:00,100319.88582749994
2022-06-07 04:00:00+00:00,101398.57582749994
2022-06-08 04:00:00+00:00,101688.42582749993
2022-06-09 04:00:00+00:00,100058.00976749993
2022-06-10 04:00:00+00:00,97868.61976749991
2022-06-13 04:00:00+00:00,96789.63976749992
2022-06-14 04:00:00+00:00,96785.77606749992
2022-06-15 04:00:00+00:00,96789.43376249992
2022-06-16 04:00:00+00:00,95680.06612249992
2022-06-17 04:00:00+00:00,95425.1966224999
2022-06-21 04:00:00+00:00,96672.51162249991
2022-06-22 04:00:00+00:00,96487.87752749992
2022-06-23 04:00:00+00:00,97248.78752749992
2022-06-24 04:00:00+00:00,97928.13713749991
2022-06-27 04:00:00+00:00,97919.88211749989
2022-06-28 04:00:00+00:00,95903.3660774999
2022-06-29 04:00:00+00:00,95697.82607749989
2022-06-30 04:00:00+00:00,94945.57816749989
2022-07-01 04:00:00+00:00,95168.51816749989
2022-07-05 04:00:00+00:00,95445.17115749989
2022-07-06 04:00:00+00:00,95463.46615749989
2022-07-07 04:00:00+00:00,95843.78416749989
2022-07-08 04:00:00+00:00,95819.05416749988
2022-07-11 04:00:00+00:00,95304.7355274999
2022-07-12 04:00:00+00:00,94783.10640249989
2022-07-13 04:00:00+00:00,94746.26640249988
2022-07-14 04:00:00+00:00,94535.75640249989
2022-07-15 04:00:00+00:00,94822.41432249988
2022-07-18 04:00:00+00:00,95061.68432249989
2022-07-19 04:00:00+00:00,96061.6443224999
2022-07-20 04:00:00+00:00,97356.52432249988
2022-07-21 04:00:00+00:00,97926.53432249988
2022-07-22 04:00:00+00:00,97024.04432249989
2022-07-25 04:00:00+00:00,96595.02432249988
2022-07-26 04:00:00+00:00,96417.29522249987
2022-07-27 04:00:00+00:00,97315.90263749988
2022-07-28 04:00:00+00:00,97523.16763749988
2022-07-29 04:00:00+00:00,97306.06513749989
2022-08-01 04:00:00+00:00,97688.86513749987
2022-08-02 04:00:00+00:00,97942.23513749988
2022-08-03 04:00:00+00:00,99359.39513749987
2022-08-04 04:00:00+00:00,99304.53513749989
2022-08-05 04:00:00+00:00,99118.61535749989
2022-08-08 04:00:00+00:00,99370.30535749988
2022-08-09 04:00:00+00:00,97346.20035749988
2022-08-10 04:00:00+00:00,97717.64535749989
2022-08-11 04:00:00+00:00,97576.44386249987
2022-08-12 04:00:00+00:00,97876.00386249989
2022-08-15 04:00:00+00:00,97701.92386249988
2022-08-16 04:00:00+00:00,97731.90386249988
2022-08-17 04:00:00+00:00,97075.35386249988
2022-08-18 04:00:00+00:00,96868.52386249989
2022-08-19 04:00:00+00:00,96597.91539249988
2022-08-22 04:00:00+00:00,96122.48422749988
2022-08-23 04:00:00+00:00,96642.53422749988
2022-08-24 04:00:00+00:00,96770.84422749988
2022-08-25 04:00:00+00:00,97110.34422749988
2022-08-26 04:00:00+00:00,96250.12302749988
2022-08-29 04:00:00+00:00,96271.71302749988
2022-08-30 04:00:00+00:00,95764.28645249989
2022-08-31 04:00:00+00:00,95777.15335249988
2022-09-01 04:00:00+00:00,95707.50262249989
2022-09-02 04:00:00+00:00,95729.89262249987
2022-09-06 04:00:00+00:00,95587.36262249987
2022-09-07 04:00:00+00:00,95440.85262249988
2022-09-08 04:00:00+00:00,95433.32662249987
2022-09-09 04:00:00+00:00,95899.06761249987
2022-09-12 04:00:00+00:00,96370.68761249987
2022-09-13 04:00:00+00:00,95160.09627249988
2022-09-14 04:00:00+00:00,96119.09627249988
2022-09-15 04:00:00+00:00,95892.40789249988
2022-09-16 04:00:00+00:00,94742.88664249989
2022-09-19 04:00:00+00:00,94917.22969249988
2022-09-20 04:00:00+00:00,94107.17164749987
2022-09-21 04:00:00+00:00,93257.73562749987
2022-09-22 04:00:00+00:00,92627.0056274999
2022-09-23 04:00:00+00:00,92052.98665749989
2022-09-26 04:00:00+00:00,91999.96665749988
2022-09-27 04:00:00+00:00,92173.96665749988
2022-09-28 04:00:00+00:00,92358.81118749989
2022-09-29 04:00:00+00:00,91271.73118749988
2022-09-30 04:00:00+00:00,90866.07118749988
2022-10-03 04:00:00+00:00,91609.3279274999
2022-10-04 04:00:00+00:00,92819.20831749988
2022-10-05 04:00:00+00:00,92766.58831749987
2022-10-06 04:00:00+00:00,92637.51831749988
2022-10-07 04:00:00+00:00,90007.8234174999
2022-10-10 04:00:00+00:00,88904.92341749989
2022-10-11 04:00:00+00:00,88665.77671249988
2022-10-12 04:00:00+00:00,88657.76671249988
2022-10-13 04:00:00+00:00,88716.01671249988
2022-10-14 04:00:00+00:00,88530.59671249989
2022-10-17 04:00:00+00:00,88780.37545749987
2022-10-18 04:00:00+00:00,88958.70545749988
2022-10-19 04:00:00+00:00,88916.27573749988
2022-10-20 04:00:00+00:00,88250.84553499987
2022-10-21 04:00:00+00:00,88899.56053499988
2022-10-24 04:00:00+00:00,88376.89750999988
2022-10-25 04:00:00+00:00,89404.77750999987
2022-10-26 04:00:00+00:00,89445.16750999988
2022-10-27 04:00:00+00:00,90510.82250999988
2022-10-28 04:00:00+00:00,90271.28250999987
2022-10-31 04:00:00+00:00,90148.54710999987
2022-11-01 04:00:00+00:00,90104.38210999987
2022-11-02 04:00:00+00:00,89158.20075999986
2022-11-03 04:00:00+00:00,89115.44485999987
2022-11-04 04:00:00+00:00,89538.01306999987
2022-11-07 05:00:00+00:00,89460.77806999987
2022-11-08 05:00:00+00:00,89613.26285999987
2022-11-09 05:00:00+00:00,89012.14513999988
2022-11-10 05:00:00+00:00,90226.00013999987
2022-11-11 05:00:00+00:00,90805.29013999988
2022-11-14 05:00:00+00:00,90572.88013999988
2022-11-15 05:00:00+00:00,90853.86525499987
2022-11-16 05:00:00+00:00,90378.28525499988
2022-11-17 05:00:00+00:00,90199.19853499987
2022-11-18 05:00:00+00:00,90213.38853499987
2022-11-21 05:00:00+00:00,89895.16853499987
2022-11-22 05:00:00+00:00,89888.05768499986
2022-11-23 05:00:00+00:00,90144.37768499987
2022-11-25 05:00:00+00:00,90161.61804749987
2022-11-28 05:00:00+00:00,89610.21804749987
2022-11-29 05:00:00+00:00,89679.17127749987
2022-11-30 05:00:00+00:00,90980.90627749987
2022-12-01 05:00:00+00:00,91025.90127749988
2022-12-02 05:00:00+00:00,91163.81043749988
2022-12-05 05:00:00+00:00,90592.3716874999
2022-12-06 05:00:00+00:00,90069.5616874999
2022-12-07 05:00:00+00:00,89827.39377749988
2022-12-08 05:00:00+00:00,89716.60377749988
2022-12-09 05:00:00+00:00,89661.99377749988
2022-12-12 05:00:00+00:00,89778.83377749988
2022-12-13 05:00:00+00:00,89783.91377749988
2022-12-14 05:00:00+00:00,89799.15377749989
2022-12-15 05:00:00+00:00,89799.15377749989
2022-12-16 05:00:00+00:00,89799.15377749989
2022-12-19 05:00:00+00:00,89799.15377749989
2022-12-20 05:00:00+00:00,89795.61404249989
2022-12-21 05:00:00+00:00,89873.22684249989
2022-12-22 05:00:00+00:00,89439.6001249999
2022-12-23 05:00:00+00:00,89899.54512499989
2022-12-27 05:00:00+00:00,90036.29512499989
2022-12-28 05:00:00+00:00,89665.45512499989
2022-12-29 05:00:00+00:00,89718.7551249999
2022-12-30 05:00:00+00:00,89769.18512499989
2023-01-03 05:00:00+00:00,89543.27512499988
2023-01-04 05:00:00+00:00,89543.27512499988
2023-01-05 05:00:00+00:00,89543.27512499988
2023-01-06 05:00:00+00:00,89543.27512499988
2023-01-09 05:00:00+00:00,89543.27512499988
2023-01-10 05:00:00+00:00,89539.70962499989
2023-01-11 05:00:00+00:00,89803.10962499988
2023-01-12 05:00:00+00:00,89819.90962499988
2023-01-13 05:00:00+00:00,89753.90962499988
2023-01-17 05:00:00+00:00,90297.50962499989
2023-01-18 05:00:00+00:00,90130.10122499989
2023-01-19 05:00:00+00:00,89689.40122499989
2023-01-20 05:00:00+00:00,90376.62622499988
2023-01-23 05:00:00+00:00,91024.18919499988
2023-01-24 05:00:00+00:00,90696.5341949999
2023-01-25 05:00:00+00:00,90235.94622749988
2023-01-26 05:00:00+00:00,92265.74622749988
2023-01-27 05:00:00+00:00,93272.30530249988
2023-01-30 05:00:00+00:00,91887.50530249989
2023-01-31 05:00:00+00:00,92559.87530249989
2023-02-01 05:00:00+00:00,93353.8853024999
2023-02-02 05:00:00+00:00,94922.99530249988
2023-02-03 05:00:00+00:00,94460.19530249988
2023-02-06 05:00:00+00:00,94456.4247199999
2023-02-07 05:00:00+00:00,94127.66971999989
2023-02-08 05:00:00+00:00,93928.69971999989
2023-02-09 05:00:00+00:00,92933.13193999988
2023-02-10 05:00:00+00:00,92330.71693999988
2023-02-13 05:00:00+00:00,92637.14079499988
2023-02-14 05:00:00+00:00,92950.28079499988
2023-02-15 05:00:00+00:00,93344.86499499988
2023-02-16 05:00:00+00:00,92972.76999499988
2023-02-17 05:00:00+00:00,92786.52499499988
2023-02-21 05:00:00+00:00,92184.8800949999
2023-02-22 05:00:00+00:00,92280.13773499991
2023-02-23 05:00:00+00:00,92273.13773499991
2023-02-24 05:00:00+00:00,92135.4177349999
2023-02-27 05:00:00+00:00,92145.08773499989
2023-02-28 05:00:00+00:00,92182.25773499989
2023-03-01 05:00:00+00:00,92134.1077349999
2023-03-02 05:00:00+00:00,92276.75773499989
2023-03-03 05:00:00+00:00,92334.3577349999
2023-03-06 05:00:00+00:00,92392.77562999989
2023-03-07 05:00:00+00:00,92153.6842049999
2023-03-08 05:00:00+00:00,92296.4268949999
2023-03-09 05:00:00+00:00,92181.8933174999
2023-03-10 05:00:00+00:00,91961.47831749989
2023-03-13 04:00:00+00:00,91788.43013749988
2023-03-14 04:00:00+00:00,91959.87725749987
2023-03-15 04:00:00+00:00,91997.30197749988
2023-03-16 04:00:00+00:00,92181.6137374999
2023-03-17 04:00:00+00:00,91880.25873749988
2023-03-20 04:00:00+00:00,92283.02427749988
2023-03-21 04:00:00+00:00,92684.25927749989
2023-03-22 04:00:00+00:00,92222.00927749989
2023-03-23 04:00:00+00:00,93197.08439749989
2023-03-24 04:00:00+00:00,93117.46439749989
2023-03-27 04:00:00+00:00,93023.1243974999
2023-03-28 04:00:00+00:00,92548.03953749989
2023-03-29 04:00:00+00:00,93809.7295374999
2023-03-30 04:00:00+00:00,93995.2995374999
2023-03-31 04:00:00+00:00,94142.7168574999
2023-04-03 04:00:00+00:00,93859.32185749989
2023-04-04 04:00:00+00:00,93664.13685749989
2023-04-05 04:00:00+00:00,93245.3168574999
2023-04-06 04:00:00+00:00,93216.0768574999
2023-04-10 04:00:00+00:00,93266.8818574999
2023-04-11 04:00:00+00:00,93382.1268574999
2023-04-12 04:00:00+00:00,92925.58185749988
2023-04-13 04:00:00+00:00,93040.1268574999
2023-04-14 04:00:00+00:00,92921.88685749989
2023-04-17 04:00:00+00:00,93017.95685749988
2023-04-18 04:00:00+00:00,93088.16185749989
2023-04-19 04:00:00+00:00,93051.21185749989
2023-04-20 04:00:00+00:00,92836.90185749989
2023-04-21 04:00:00+00:00,92836.90185749989
2023-04-24 04:00:00+00:00,92836.90185749989
2023-04-25 04:00:00+00:00,92836.90185749989
2023-04-26 04:00:00+00:00,92829.51013749989
2023-04-27 04:00:00+00:00,92984.3101374999
2023-04-28 04:00:00+00:00,92997.49013749989
2023-05-01 04:00:00+00:00,92973.28935249988
2023-05-02 04:00:00+00:00,92725.70435249989
2023-05-03 04:00:00+00:00,92599.86435249989
2023-05-04 04:00:00+00:00,92565.37935249989
2023-05-05 04:00:00+00:00,92802.48385249989
2023-05-08 04:00:00+00:00,92600.8359124999
2023-05-09 04:00:00+00:00,92357.01591249989
2023-05-10 04:00:00+00:00,92348.8059124999
2023-05-11 04:00:00+00:00,92266.10591249989
2023-05-12 04:00:00+00:00,92206.83711249988
2023-05-15 04:00:00+00:00,92620.64864749988
2023-05-16 04:00:00+00:00,92131.74864749989
2023-05-17 04:00:00+00:00,93090.10864749987
2023-05-18 04:00:00+00:00,94271.96864749989
2023-05-19 04:00:00+00:00,93621.27864749989
2023-05-22 04:00:00+00:00,93951.84864749988
2023-05-23 04:00:00+00:00,93597.85864749987
2023-05-24 04:00:00+00:00,93289.65932749987
2023-05-25 04:00:00+00:00,93046.54432749987
2023-05-26 04:00:00+00:00,93355.59932749988
2023-05-30 04:00:00+00:00,93625.59932749986
2023-05-31 04:00:00+00:00,93734.39932749986
2023-06-01 04:00:00+00:00,93878.79932749987
2023-06-02 04:00:00+00:00,94133.85571749986
2023-06-05 04:00:00+00:00,93582.85571749986
2023-06-06 04:00:00+00:00,93120.59571749986
2023-06-07 04:00:00+00:00,93116.87529749986
2023-06-08 04:00:00+00:00,93166.37529749986
2023-06-09 04:00:00+00:00,93179.24529749987
2023-06-12 04:00:00+00:00,93163.40529749986
2023-06-13 04:00:00+00:00,93560.39529749987
2023-06-14 04:00:00+00:00,93607.91529749987
2023-06-15 04:00:00+00:00,93613.85529749987
2023-06-16 04:00:00+00:00,93571.28529749987
2023-06-20 04:00:00+00:00,93390.11529749987
2023-06-21 04:00:00+00:00,93390.11529749987
2023-06-22 04:00:00+00:00,93390.11529749987
2023-06-23 04:00:00+00:00,93390.11529749987
2023-06-26 04:00:00+00:00,93378.96854749987
2023-06-27 04:00:00+00:00,93235.87854749987
2023-06-28 04:00:00+00:00,93095.50854749988
2023-06-29 04:00:00+00:00,93095.12854749987
2023-06-30 04:00:00+00:00,93134.62456749988
2023-07-03 04:00:00+00:00,93606.16956749988
2023-07-05 04:00:00+00:00,93505.79456749988
2023-07-06 04:00:00+00:00,92878.24956749988
2023-07-07 04:00:00+00:00,92878.24956749988
2023-07-10 04:00:00+00:00,92874.55821749987
2023-07-11 04:00:00+00:00,92726.35821749987
2023-07-12 04:00:00+00:00,92935.20411249987
2023-07-13 04:00:00+00:00,93169.19411249987
2023-07-14 04:00:00+00:00,93073.02911249988
2023-07-17 04:00:00+00:00,93078.84593249987
2023-07-18 04:00:00+00:00,93194.53997749987
2023-07-19 04:00:00+00:00,93803.80537749987
2023-07-20 04:00:00+00:00,93049.12037749987
2023-07-21 04:00:00+00:00,92988.65037749987
2023-07-24 04:00:00+00:00,93101.18037749987
2023-07-25 04:00:00+00:00,92892.83037749986
2023-07-26 04:00:00+00:00,92684.23537749986
2023-07-27 04:00:00+00:00,92667.35537749986
2023-07-28 04:00:00+00:00,92820.33037749986
2023-07-31 04:00:00+00:00,92835.10037749985
2023-08-01 04:00:00+00:00,92835.10037749985
2023-08-02 04:00:00+00:00,92835.10037749985
2023-08-03 04:00:00+00:00,92831.56277749986
2023-08-04 04:00:00+00:00,92807.20277749986
2023-08-07 04:00:00+00:00,92929.96277749987
2023-08-08 04:00:00+00:00,92823.56277749986
2023-08-09 04:00:00+00:00,92707.80277749986
2023-08-10 04:00:00+00:00,92707.80277749986
2023-08-11 04:00:00+00:00,92707.80277749986
2023-08-14 04:00:00+00:00,92704.15341749987
2023-08-15 04:00:00+00:00,92665.93341749987
2023-08-16 04:00:00+00:00,92675.81341749987
2023-08-17 04:00:00+00:00,92606.48185749986
2023-08-18 04:00:00+00:00,92631.90185749986
2023-08-21 04:00:00+00:00,92661.37914249986
2023-08-22 04:00:00+00:00,92610.51914249986
2023-08-23 04:00:00+00:00,92804.63472249988
2023-08-24 04:00:00+00:00,92056.05114249987
2023-08-25 04:00:00+00:00,92509.79114249989
2023-08-28 04:00:00+00:00,92639.23114249988
2023-08-29 04:00:00+00:00,92852.88066249988
2023-08-30 04:00:00+00:00,93034.89196249988
2023-08-31 04:00:00+00:00,93172.49939999988
2023-09-01 04:00:00+00:00,92908.11439999987
2023-09-05 04:00:00+00:00,92666.44439999989
2023-09-06 04:00:00+00:00,92691.29939999989
2023-09-07 04:00:00+00:00,92991.75439999989
2023-09-08 04:00:00+00:00,93103.04939999989
2023-09-11 04:00:00+00:00,93280.84477499989
2023-09-12 04:00:00+00:00,92921.46977499989
2023-09-13 04:00:00+00:00,92600.18977499989
2023-09-14 04:00:00+00:00,92916.73418749988
2023-09-15 04:00:00+00:00,92454.40414749988
2023-09-18 04:00:00+00:00,92318.33095249988
2023-09-19 04:00:00+00:00,92018.8209524999
2023-09-20 04:00:00+00:00,91846.19095249989
2023-09-21 04:00:00+00:00,91645.7109524999
2023-09-22 04:00:00+00:00,91642.1679024999
2023-09-25 04:00:00+00:00,91698.4261524999
2023-09-26 04:00:00+00:00,91554.36615249989
2023-09-27 04:00:00+00:00,91571.7461524999
2023-09-28 04:00:00+00:00,91750.8861524999
2023-09-29 04:00:00+00:00,91559.2197474999
2023-10-02 04:00:00+00:00,91606.8167774999
2023-10-03 04:00:00+00:00,91415.9999524999
2023-10-04 04:00:00+00:00,91501.3099524999
2023-10-05 04:00:00+00:00,91548.10187249989
2023-10-06 04:00:00+00:00,92749.00187249991
2023-10-09 04:00:00+00:00,92921.6275324999
2023-10-10 04:00:00+00:00,93529.50140999991
2023-10-11 04:00:00+00:00,93498.77640999989
2023-10-12 04:00:00+00:00,93086.99430999989
2023-10-13 04:00:00+00:00,92223.0946799999
2023-10-16 04:00:00+00:00,92576.9617799999
2023-10-17 04:00:00+00:00,92838.56677999989
2023-10-18 04:00:00+00:00,92465.47177999989
2023-10-19 04:00:00+00:00,92235.98852999989
2023-10-20 04:00:00+00:00,91554.48852999989
2023-10-23 04:00:00+00:00,91499.75852999989
2023-10-24 04:00:00+00:00,91496.1077499999
2023-10-25 04:00:00+00:00,91114.2977499999
2023-10-26 04:00:00+00:00,90970.0606199999
2023-10-27 04:00:00+00:00,90599.52061999991
2023-10-30 04:00:00+00:00,90871.66823999991
2023-10-31 04:00:00+00:00,91510.20823999992
2023-11-01 04:00:00+00:00,91628.22352999992
2023-11-02 04:00:00+00:00,92964.16436249993
2023-11-03 04:00:00+00:00,93829.64936249991
2023-11-06 05:00:00+00:00,93340.28393249991
2023-11-07 05:00:00+00:00,93519.19401249991
2023-11-08 05:00:00+00:00,93715.05401249991
2023-11-09 05:00:00+00:00,93596.68235749991
2023-11-10 05:00:00+00:00,94252.0023574999
2023-11-13 05:00:00+00:00,93544.08735749991
2023-11-14 05:00:00+00:00,94442.27735749993
2023-11-15 05:00:00+00:00,94982.16735749993
2023-11-16 05:00:00+00:00,94991.36735749993
2023-11-17 05:00:00+00:00,95017.96735749993
2023-11-20 05:00:00+00:00,94956.78235749993
2023-11-21 05:00:00+00:00,94478.61735749993
2023-11-22 05:00:00+00:00,94478.61735749993
2023-11-24 05:00:00+00:00,94474.84813749992
2023-11-27 05:00:00+00:00,94378.45117749993
2023-11-28 05:00:00+00:00,94287.80126999992
2023-11-29 05:00:00+00:00,94167.95626999994
2023-11-30 05:00:00+00:00,94371.68626999992
2023-12-01 05:00:00+00:00,94287.05626999993
2023-12-04 05:00:00+00:00,94307.72626999993
2023-12-05 05:00:00+00:00,94330.09165999992
2023-12-06 05:00:00+00:00,94511.51665999992
2023-12-07 05:00:00+00:00,94755.59665999992
2023-12-08 05:00:00+00:00,94686.79165999993
2023-12-11 05:00:00+00:00,94560.26165999992
2023-12-12 05:00:00+00:00,94737.89165999992
2023-12-13 05:00:00+00:00,94769.40665999992
2023-12-14 05:00:00+00:00,95070.23165999992
2023-12-15 05:00:00+00:00,95001.47165999992
2023-12-18 05:00:00+00:00,94852.49165999993
2023-12-19 05:00:00+00:00,94892.60165999993
2023-12-20 05:00:00+00:00,94716.93856999991
2023-12-21 05:00:00+00:00,94936.84356999992
2023-12-22 05:00:00+00:00,94920.06856999992
2023-12-26 05:00:00+00:00,94962.64082999992
2023-12-27 05:00:00+00:00,95581.10082999992
2023-12-28 05:00:00+00:00,95629.95082999993
2023-12-29 05:00:00+00:00,95000.88133499991
2024-01-02 05:00:00+00:00,94189.40133499991
2024-01-03 05:00:00+00:00,94300.77133499992
2024-01-04 05:00:00+00:00,94293.2651349999
2024-01-05 05:00:00+00:00,94335.94054999991
2024-01-08 05:00:00+00:00,94639.6355499999
2024-01-09 05:00:00+00:00,94387.61054999991
2024-01-10 05:00:00+00:00,94405.37554999991
2024-01-11 05:00:00+00:00,94461.1355499999
2024-01-12 05:00:00+00:00,94415.64554999991
2024-01-16 05:00:00+00:00,94291.3655499999
2024-01-17 05:00:00+00:00,94213.9611999999
2024-01-18 05:00:00+00:00,94372.86119999991
2024-01-19 05:00:00+00:00,94439.36119999991
2024-01-22 05:00:00+00:00,94474.36119999991
2024-01-23 05:00:00+00:00,94593.36119999991
2024-01-24 05:00:00+00:00,94773.9611999999
2024-01-25 05:00:00+00:00,94773.9611999999
2024-01-26 05:00:00+00:00,94773.9611999999
2024-01-29 05:00:00+00:00,94770.1726424999
2024-01-30 05:00:00+00:00,94562.3026424999
2024-01-31 05:00:00+00:00,94408.95898749991
2024-02-01 05:00:00+00:00,94519.3589874999
2024-02-02 05:00:00+00:00,94640.4039874999
2024-02-05 05:00:00+00:00,93926.4489874999
2024-02-06 05:00:00+00:00,94255.9989874999
2024-02-07 05:00:00+00:00,94261.06898749991
2024-02-08 05:00:00+00:00,94283.88398749991
2024-02-09 05:00:00+00:00,94247.20609249991
2024-02-12 05:00:00+00:00,94116.39109249992
2024-02-13 05:00:00+00:00,93670.77109249993
2024-02-14 05:00:00+00:00,93791.24629249991
2024-02-15 05:00:00+00:00,93915.87078249993
2024-02-16 05:00:00+00:00,93624.55078249992
2024-02-20 05:00:00+00:00,93606.63203249991
2024-02-21 05:00:00+00:00,93505.96703249992
2024-02-22 05:00:00+00:00,94242.89703249991
2024-02-23 05:00:00+00:00,93987.08703249991
2024-02-26 05:00:00+00:00,93925.30703249991
2024-02-27 05:00:00+00:00,94148.32703249992
2024-02-28 05:00:00+00:00,94119.65703249992
2024-02-29 05:00:00+00:00,94499.08703249991
2024-03-01 05:00:00+00:00,94721.88203249991
2024-03-04 05:00:00+00:00,94481.81703249991
2024-03-05 05:00:00+00:00,94186.67703249991
2024-03-06 05:00:00+00:00,94515.36703249991
2024-03-07 05:00:00+00:00,94746.42703249991
2024-03-08 05:00:00+00:00,94608.66915749991
2024-03-11 04:00:00+00:00,94546.24915749991
2024-03-12 04:00:00+00:00,94829.39915749991
2024-03-13 04:00:00+00:00,94547.77915749991
2024-03-14 04:00:00+00:00,94517.53915749991
2024-03-15 04:00:00+00:00,94472.18746999992
2024-03-18 04:00:00+00:00,94542.71581249991
2024-03-19 04:00:00+00:00,94516.57081249991
2024-03-20 04:00:00+00:00,94987.6308124999
2024-03-21 04:00:00+00:00,95257.1908124999
2024-03-22 04:00:00+00:00,94955.69081249992
2024-03-25 04:00:00+00:00,94966.74199999991
2024-03-26 04:00:00+00:00,94944.53199999992
2024-03-27 04:00:00+00:00,94903.1569999999
2024-03-28 04:00:00+00:00,94944.13901999992
2024-04-01 04:00:00+00:00,94780.54216999991
2024-04-02 04:00:00+00:00,94314.14216999992
2024-04-03 04:00:00+00:00,94331.80448999992
2024-04-04 04:00:00+00:00,94229.08448999992
2024-04-05 04:00:00+00:00,94257.98448999992
2024-04-08 04:00:00+00:00,94207.28448999992
2024-04-09 04:00:00+00:00,94308.88569999991
2024-04-10 04:00:00+00:00,94280.40582499992
2024-04-11 04:00:00+00:00,94277.16636499992
2024-04-12 04:00:00+00:00,93706.15636499992
2024-04-15 04:00:00+00:00,93127.98771499992
2024-04-16 04:00:00+00:00,93167.25763499991
2024-04-17 04:00:00+00:00,92993.67763499991
2024-04-18 04:00:00+00:00,92654.99450999992
2024-04-19 04:00:00+00:00,92259.78530999993
2024-04-22 04:00:00+00:00,92485.82072999993
2024-04-23 04:00:00+00:00,92920.97760499993
2024-04-24 04:00:00+00:00,92992.18760499994
2024-04-25 04:00:00+00:00,92886.67760499993
2024-04-26 04:00:00+00:00,92963.32577999993
2024-04-29 04:00:00+00:00,93132.76577999993
2024-04-30 04:00:00+00:00,92704.39470499994
2024-05-01 04:00:00+00:00,92154.69310499994
2024-05-02 04:00:00+00:00,92380.49070499995
2024-05-03 04:00:00+00:00,92342.67070499994
2024-05-06 04:00:00+00:00,92674.34070499994
2024-05-07 04:00:00+00:00,92278.04190499993
2024-05-08 04:00:00+00:00,92000.85190499993
2024-05-09 04:00:00+00:00,91845.33831249992
2024-05-10 04:00:00+00:00,91621.80331249993
2024-05-13 04:00:00+00:00,91494.69831249994
2024-05-14 04:00:00+00:00,91515.89331249993
2024-05-15 04:00:00+00:00,91662.75073749994
2024-05-16 04:00:00+00:00,91673.62573749994
2024-05-17 04:00:00+00:00,91731.15073749993
2024-05-20 04:00:00+00:00,91771.95073749994
2024-05-21 04:00:00+00:00,91614.38418999994
2024-05-22 04:00:00+00:00,91584.68038999994
2024-05-23 04:00:00+00:00,91066.29872749995
2024-05-24 04:00:00+00:00,91993.37372749994
2024-05-28 04:00:00+00:00,92194.04372749994
2024-05-29 04:00:00+00:00,91692.05997749993
2024-05-30 04:00:00+00:00,91760.77497749994
2024-05-31 04:00:00+00:00,91464.49497749994
2024-06-03 04:00:00+00:00,91145.39497749993
2024-06-04 04:00:00+00:00,91086.99497749993
2024-06-05 04:00:00+00:00,90993.52983749993
2024-06-06 04:00:00+00:00,90968.07051749993
2024-06-07 04:00:00+00:00,90817.62734749993
2024-06-10 04:00:00+00:00,91112.85734749993
2024-06-11 04:00:00+00:00,91221.09734749993
2024-06-12 04:00:00+00:00,91715.33734749994
2024-06-13 04:00:00+00:00,91281.81734749992
2024-06-14 04:00:00+00:00,91049.28734749992
2024-06-17 04:00:00+00:00,90951.70734749993
2024-06-18 04:00:00+00:00,90948.09800749992
2024-06-20 04:00:00+00:00,90974.52233749993
2024-06-21 04:00:00+00:00,90845.14233749993
2024-06-24 04:00:00+00:00,90323.71733749993
2024-06-25 04:00:00+00:00,90872.50233749993
2024-06-26 04:00:00+00:00,90843.03733749993
2024-06-27 04:00:00+00:00,90792.03233749993
2024-06-28 04:00:00+00:00,90766.02733749992
2024-07-01 04:00:00+00:00,90802.93541249992
2024-07-02 04:00:00+00:00,90674.74041249993
2024-07-03 04:00:00+00:00,90823.08041249993
2024-07-05 04:00:00+00:00,90391.92691249993
2024-07-08 04:00:00+00:00,90402.55191249993
2024-07-09 04:00:00+00:00,90536.38191249993
2024-07-10 04:00:00+00:00,90699.09691249992
2024-07-11 04:00:00+00:00,90281.47479249992
2024-07-12 04:00:00+00:00,90260.08354249992
2024-07-15 04:00:00+00:00,90098.77354249993
2024-07-16 04:00:00+00:00,89903.76354249992
2024-07-17 04:00:00+00:00,89675.13354249991
2024-07-18 04:00:00+00:00,89620.81354249992
2024-07-19 04:00:00+00:00,89622.59324249992
2024-07-22 04:00:00+00:00,89951.85324249993
2024-07-23 04:00:00+00:00,89867.15753249993
2024-07-24 04:00:00+00:00,89151.76253249992
2024-07-25 04:00:00+00:00,89022.95753249993
2024-07-26 04:00:00+00:00,88994.67753249993
2024-07-29 04:00:00+00:00,89023.80089249993
2024-07-30 04:00:00+00:00,88802.51089249992
2024-07-31 04:00:00+00:00,89551.12089249992
2024-08-01 04:00:00+00:00,88971.34089249992
2024-08-02 04:00:00+00:00,88817.96089249993
2024-08-05 04:00:00+00:00,88732.85510749993
2024-08-06 04:00:00+00:00,88956.96980749992
2024-08-07 04:00:00+00:00,88535.94595749992
2024-08-08 04:00:00+00:00,89206.41246749993
2024-08-09 04:00:00+00:00,89357.27276749992
2024-08-12 04:00:00+00:00,89341.16284749992
2024-08-13 04:00:00+00:00,91740.80284749992
2024-08-14 04:00:00+00:00,92168.00577749991
2024-08-15 04:00:00+00:00,93478.87577749992
2024-08-16 04:00:00+00:00,93481.82577749991
2024-08-19 04:00:00+00:00,94176.78577749991
2024-08-20 04:00:00+00:00,93880.22229749992
2024-08-21 04:00:00+00:00,94226.19229749992
2024-08-22 04:00:00+00:00,93142.97229749992
2024-08-23 04:00:00+00:00,94411.18229749992
2024-08-26 04:00:00+00:00,93508.97229749992
2024-08-27 04:00:00+00:00,93526.0172674999
2024-08-28 04:00:00+00:00,92851.11726749991
2024-08-29 04:00:00+00:00,92717.60399749991
2024-08-30 04:00:00+00:00,93157.42399749992
2024-09-03 04:00:00+00:00,92516.33399749991
2024-09-04 04:00:00+00:00,92268.03399749991
2024-09-05 04:00:00+00:00,92077.52399749991
2024-09-06 04:00:00+00:00,92156.36511749991
2024-09-09 04:00:00+00:00,92309.12849749991
2024-09-10 04:00:00+00:00,92961.92849749992
2024-09-11 04:00:00+00:00,93001.97478749993
2024-09-12 04:00:00+00:00,93197.02657249992
2024-09-13 04:00:00+00:00,93214.19183249993
2024-09-16 04:00:00+00:00,93302.74683249992
2024-09-17 04:00:00+00:00,93718.33183249991
2024-09-18 04:00:00+00:00,93319.35183249992
2024-09-19 04:00:00+00:00,93829.65183249992
2024-09-20 04:00:00+00:00,93508.78183249992
2024-09-23 04:00:00+00:00,93526.81683249993
2024-09-24 04:00:00+00:00,93880.79183249993
2024-09-25 04:00:00+00:00,94253.47183249993
2024-09-26 04:00:00+00:00,94615.95557249992
2024-09-27 04:00:00+00:00,94107.47980249993
2024-09-30 04:00:00+00:00,93892.11416249993
2024-10-01 04:00:00+00:00,93483.62466249992
2024-10-02 04:00:00+00:00,93237.78966249991
2024-10-03 04:00:00+00:00,93786.41450249992
2024-10-04 04:00:00+00:00,94359.95450249992
2024-10-07 04:00:00+00:00,94546.27450249992
2024-10-08 04:00:00+00:00,95093.0503674999
2024-10-09 04:00:00+00:00,94894.78036749992
2024-10-10 04:00:00+00:00,95140.96036749992
2024-10-11 04:00:00+00:00,95410.19146249992
2024-10-14 04:00:00+00:00,96321.34146249993
2024-10-15 04:00:00+00:00,96044.66146249992
2024-10-16 04:00:00+00:00,96200.57146249991
2024-10-17 04:00:00+00:00,96364.96646249991
2024-10-18 04:00:00+00:00,96371.56146249991
2024-10-21 04:00:00+00:00,96210.3114624999
2024-10-22 04:00:00+00:00,96228.0888624999
2024-10-23 04:00:00+00:00,95917.1438624999
2024-10-24 04:00:00+00:00,95805.3038624999
2024-10-25 04:00:00+00:00,95801.50838249992
2024-10-28 04:00:00+00:00,95849.3240849999
2024-10-29 04:00:00+00:00,95935.5978999999
2024-10-30 04:00:00+00:00,95235.7751099999
2024-10-31 04:00:00+00:00,94714.2159099999
2024-11-01 04:00:00+00:00,95012.0809099999
2024-11-04 05:00:00+00:00,94649.0259099999
2024-11-05 05:00:00+00:00,94898.42590999989
2024-11-06 05:00:00+00:00,95442.2759099999
2024-11-07 05:00:00+00:00,95811.9859099999
2024-11-08 05:00:00+00:00,95700.8259099999
2024-11-11 05:00:00+00:00,95503.4329949999
2024-11-12 05:00:00+00:00,95709.8647849999
2024-11-13 05:00:00+00:00,95465.31478499988
2024-11-14 05:00:00+00:00,95122.1623649999
2024-11-15 05:00:00+00:00,94946.61236499989
2024-11-18 05:00:00+00:00,95431.7423649999
2024-11-19 05:00:00+00:00,95545.88236499988
2024-11-20 05:00:00+00:00,95370.84236499989
2024-11-21 05:00:00+00:00,95332.78966499989
2024-11-22 05:00:00+00:00,95745.27966499989
2024-11-25 05:00:00+00:00,95737.69388499988
2024-11-26 05:00:00+00:00,95450.33538499988
2024-11-27 05:00:00+00:00,94858.68038499988
2024-11-29 05:00:00+00:00,95095.1753849999
2024-12-02 05:00:00+00:00,95768.47619499988
2024-12-03 05:00:00+00:00,95787.10119499988
2024-12-04 05:00:00+00:00,96849.23619499989
2024-12-05 05:00:00+00:00,97667.76119499988
2024-12-06 05:00:00+00:00,98107.9761949999
2024-12-09 05:00:00+00:00,98001.44619499988
2024-12-10 05:00:00+00:00,97560.91119499988
2024-12-11 05:00:00+00:00,97788.30619499988
2024-12-12 05:00:00+00:00,97822.61619499988
2024-12-13 05:00:00+00:00,97725.52619499988
2024-12-16 05:00:00+00:00,97802.90619499987
2024-12-17 05:00:00+00:00,98016.79619499989
2024-12-18 05:00:00+00:00,97718.69831499989
2024-12-19 05:00:00+00:00,97682.4583149999
2024-12-20 05:00:00+00:00,97863.65831499989
2024-12-23 05:00:00+00:00,97848.55831499989
2024-12-24 05:00:00+00:00,97971.4889399999
2024-12-26 05:00:00+00:00,97905.66893999989
2024-12-27 05:00:00+00:00,97779.02955749987
2024-12-30 05:00:00+00:00,97279.49975749987
2024-12-31 05:00:00+00:00,97312.76398249986
2025-01-02 05:00:00+00:00,97285.48398249988
2025-01-03 05:00:00+00:00,97352.71769749989
2025-01-06 05:00:00+00:00,97733.74269749988
2025-01-07 05:00:00+00:00,97956.69769749988
2025-01-08 05:00:00+00:00,97669.00216749989
2025-01-10 05:00:00+00:00,97570.96216749988
2025-01-13 05:00:00+00:00,97465.33216749989
2025-01-14 05:00:00+00:00,97427.72212749989
2025-01-15 05:00:00+00:00,98485.9371274999
2025-01-16 05:00:00+00:00,98743.50212749989
2025-01-17 05:00:00+00:00,99285.84212749988
2025-01-21 05:00:00+00:00,99817.88577749989
2025-01-22 05:00:00+00:00,99747.80077749988
2025-01-23 05:00:00+00:00,99524.94077749988
2025-01-24 05:00:00+00:00,99559.66577749987
2025-01-27 05:00:00+00:00,99675.61381749989
2025-01-28 05:00:00+00:00,99281.83881749988
2025-01-29 05:00:00+00:00,99073.43881749989
2025-01-30 05:00:00+00:00,98927.83881749988
2025-01-31 05:00:00+00:00,98919.94952749988
2025-02-03 05:00:00+00:00,98833.52952749988
2025-02-04 05:00:00+00:00,98827.26952749988
2025-02-05 05:00:00+00:00,98602.24952749988
2025-02-06 05:00:00+00:00,98598.34018749988
2025-02-07 05:00:00+00:00,98744.66018749987
2025-02-10 05:00:00+00:00,98674.06648749988
2025-02-11 05:00:00+00:00,98630.85648749988
2025-02-12 05:00:00+00:00,98972.32023749988
2025-02-13 05:00:00+00:00,99109.39023749987
2025-02-14 05:00:00+00:00,99820.43523749989
2025-02-18 05:00:00+00:00,100037.56023749989
2025-02-19 05:00:00+00:00,100073.56023749989
2025-02-20 05:00:00+00:00,100051.06023749989
2025-02-21 05:00:00+00:00,100017.31023749989
2025-02-24 05:00:00+00:00,100028.56023749989
2025-02-25 05:00:00+00:00,99916.06023749989
2025-02-26 05:00:00+00:00,99912.07232749989
2025-02-27 05:00:00+00:00,99821.47232749988
2025-02-28 05:00:00+00:00,99918.11232749988
2025-03-03 05:00:00+00:00,99856.73907249988
2025-03-04 05:00:00+00:00,99647.45859749989
2025-03-05 05:00:00+00:00,99756.54887249989
2025-03-06 05:00:00+00:00,99614.02865249988
2025-03-07 05:00:00+00:00,99783.48365249988
2025-03-10 04:00:00+00:00,99393.96321749988
2025-03-11 04:00:00+00:00,99029.3096374999
2025-03-12 04:00:00+00:00,98859.5796374999
2025-03-13 04:00:00+00:00,98549.7107674999
2025-03-14 04:00:00+00:00,99280.37713749989
2025-03-17 04:00:00+00:00,99778.3553374999
2025-03-18 04:00:00+00:00,99615.3853374999
2025-03-19 04:00:00+00:00,99972.86533749991
2025-03-20 04:00:00+00:00,100005.42533749991
2025-03-21 04:00:00+00:00,100197.53830249989
2025-03-24 04:00:00+00:00,100573.0225024999
2025-03-25 04:00:00+00:00,100428.48892749992
2025-03-26 04:00:00+00:00,99122.8607524999
2025-03-27 04:00:00+00:00,98134.4157524999
2025-03-28 04:00:00+00:00,96907.7144224999
2025-03-31 04:00:00+00:00,96732.3294224999
2025-04-01 04:00:00+00:00,96646.9394224999
2025-04-02 04:00:00+00:00,96151.5939024999
2025-04-03 04:00:00+00:00,96561.1739024999
2025-04-04 04:00:00+00:00,96341.5066424999
2025-04-07 04:00:00+00:00,95976.95917249989
2025-04-08 04:00:00+00:00,94855.78954249989
2025-04-09 04:00:00+00:00,95300.16606749989
2025-04-10 04:00:00+00:00,93456.3239874999
2025-04-11 04:00:00+00:00,94274.19728749989
2025-04-14 04:00:00+00:00,94250.33728749989
2025-04-15 04:00:00+00:00,94647.98728749988
2025-04-16 04:00:00+00:00,93956.14488249988
2025-04-17 04:00:00+00:00,94016.24988249989
2025-04-21 04:00:00+00:00,92825.1998824999
2025-04-22 04:00:00+00:00,94131.3498824999
2025-04-23 04:00:00+00:00,95356.24714249988
2025-04-24 04:00:00+00:00,96847.8721424999
2025-04-25 04:00:00+00:00,97398.80714249989
2025-04-28 04:00:00+00:00,97251.54079249989
2025-04-29 04:00:00+00:00,97472.52579249989
2025-04-30 04:00:00+00:00,96766.07931249989
2025-05-01 04:00:00+00:00,97069.5093124999
2025-05-02 04:00:00+00:00,98487.90431249989
2025-05-05 04:00:00+00:00,98438.0693124999
2025-05-06 04:00:00+00:00,97572.94931249988
2025-05-07 04:00:00+00:00,97387.50041749989
2025-05-08 04:00:00+00:00,99216.81041749989
2025-05-09 04:00:00+00:00,99404.30794749988
2025-05-12 04:00:00+00:00,102764.42294749987
2025-05-13 04:00:00+00:00,106162.52294749989
2025-05-14 04:00:00+00:00,105748.23794749989
2025-05-15 04:00:00+00:00,105458.94294749989
2025-05-16 04:00:00+00:00,105675.93294749988
2025-05-19 04:00:00+00:00,105311.5110574999
2025-05-20 04:00:00+00:00,104922.33956749989
2025-05-21 04:00:00+00:00,104564.3295674999
2025-05-22 04:00:00+00:00,104754.8995674999
2025-05-23 04:00:00+00:00,104488.69784749989
2025-05-27 04:00:00+00:00,105181.2328474999
2025-05-28 04:00:00+00:00,105146.11325999988
2025-05-29 04:00:00+00:00,105329.34838999988
2025-05-30 04:00:00+00:00,105625.83338999988
2025-06-02 04:00:00+00:00,105848.12838999988
2025-06-03 04:00:00+00:00,105621.52838999988
2025-06-04 04:00:00+00:00,105265.74527249989
2025-06-05 04:00:00+00:00,105657.5652724999
2025-06-06 04:00:00+00:00,106254.2202724999
2025-06-09 04:00:00+00:00,106138.04527249988
2025-06-10 04:00:00+00:00,106296.62027249989
2025-06-11 04:00:00+00:00,106137.07027249988
2025-06-12 04:00:00+00:00,106427.07992249988
2025-06-13 04:00:00+00:00,106000.77992249987
2025-06-16 04:00:00+00:00,105854.45992249988
2025-06-17 04:00:00+00:00,105593.23492249988
2025-06-18 04:00:00+00:00,105518.07490749987
2025-06-20 04:00:00+00:00,105449.58990749987
2025-06-23 04:00:00+00:00,105559.98440749987
2025-06-24 04:00:00+00:00,105870.86940749988
2025-06-25 04:00:00+00:00,105623.60440749988
2025-06-26 04:00:00+00:00,105943.36440749987
2025-06-27 04:00:00+00:00,107435.68440749988
2025-06-30 04:00:00+00:00,107464.04440749988
2025-07-01 04:00:00+00:00,108319.80440749988
2025-07-02 04:00:00+00:00,108154.20440749988
2025-07-03 04:00:00+00:00,108038.04440749988
2025-07-07 04:00:00+00:00,107851.48440749988
2025-07-08 04:00:00+00:00,107851.48440749988
2025-07-09 04:00:00+00:00,107851.48440749988
2025-07-10 04:00:00+00:00,107851.48440749988
2025-07-11 04:00:00+00:00,107847.27717749988
2025-07-14 04:00:00+00:00,107959.41717749988
2025-07-15 04:00:00+00:00,107905.62750749988
2025-07-16 04:00:00+00:00,107894.23750749989
2025-07-17 04:00:00+00:00,107976.07750749988
2025-07-18 04:00:00+00:00,107853.70750749989
2025-07-21 04:00:00+00:00,107811.88814749988
2025-07-22 04:00:00+00:00,107565.18814749988
2025-07-23 04:00:00+00:00,107724.3581474999
2025-07-24 04:00:00+00:00,107606.9081474999
2025-07-25 04:00:00+00:00,107650.3781474999
2025-07-28 04:00:00+00:00,107980.37234749988
2025-07-29 04:00:00+00:00,107937.66234749989
2025-07-30 04:00:00+00:00,108265.7423474999
2025-07-31 04:00:00+00:00,108148.70234749989
2025-08-01 04:00:00+00:00,107997.77309749988
2025-08-04 04:00:00+00:00,107998.63309749989
2025-08-05 04:00:00+00:00,108224.00813499988
2025-08-06 04:00:00+00:00,108705.61793499987
2025-08-07 04:00:00+00:00,108692.62793499988
2025-08-08 04:00:00+00:00,108545.77293499987
2025-08-11 04:00:00+00:00,108455.44293499987
2025-08-12 04:00:00+00:00,108672.12793499988
2025-08-13 04:00:00+00:00,108294.80662249988
2025-08-14 04:00:00+00:00,108199.60487249988
2025-08-15 04:00:00+00:00,108312.05013749989
2025-08-18 04:00:00+00:00,108480.31513749989
2025-08-19 04:00:00+00:00,107836.44013749989
2025-08-20 04:00:00+00:00,107403.44013749989
2025-08-21 04:00:00+00:00,107354.39262749988
2025-08-22 04:00:00+00:00,107519.79262749988
2025-08-25 04:00:00+00:00,107148.40091749988
2025-08-26 04:00:00+00:00,107572.54091749986
2025-08-27 04:00:00+00:00,107577.65165749987
2025-08-28 04:00:00+00:00,107403.23737999986
2025-08-29 04:00:00+00:00,107301.66237999986
2025-09-02 04:00:00+00:00,107102.19237999988
2025-09-03 04:00:00+00:00,107099.56866499987
2025-09-04 04:00:00+00:00,107001.16866499987
2025-09-05 04:00:00+00:00,106699.49366499987
2025-09-08 04:00:00+00:00,106818.98866499987
2025-09-09 04:00:00+00:00,107234.13366499987
2025-09-10 04:00:00+00:00,107151.54366499987
2025-09-11 04:00:00+00:00,107333.24866499988
2025-09-12 04:00:00+00:00,107181.35366499987
2025-09-15 04:00:00+00:00,107454.47866499987
2025-09-16 04:00:00+00:00,107166.43866499988
2025-09-17 04:00:00+00:00,106860.79866499988
2025-09-18 04:00:00+00:00,106860.79866499988
2025-09-19 04:00:00+00:00,106860.79866499988
2025-09-22 04:00:00+00:00,106860.79866499988
2025-09-23 04:00:00+00:00,106860.79866499988
2025-09-24 04:00:00+00:00,106860.79866499988
2025-09-25 04:00:00+00:00,106860.79866499988
2025-09-26 04:00:00+00:00,106860.79866499988
2025-09-29 04:00:00+00:00,106856.55248999989
2025-09-30 04:00:00+00:00,107021.27139499987
2025-10-01 04:00:00+00:00,107604.98639499988
2025-10-02 04:00:00+00:00,107781.91639499989
2025-10-03 04:00:00+00:00,107793.85639499988
2025-10-06 04:00:00+00:00,108396.39639499987
2025-10-07 04:00:00+00:00,108030.78139499988
2025-10-08 04:00:00+00:00,109074.68259499989
2025-10-09 04:00:00+00:00,108745.62259499988
2025-10-10 04:00:00+00:00,108548.09259499988
2025-10-13 04:00:00+00:00,108543.75651249987
2025-10-14 04:00:00+00:00,108875.68385249986
2025-10-15 04:00:00+00:00,108995.25154749987
2025-10-16 04:00:00+00:00,108899.07078749986
2025-10-17 04:00:00+00:00,109065.32078749986
2025-10-20 04:00:00+00:00,109123.12527499985
2025-10-21 04:00:00+00:00,109545.40527499985
2025-10-22 04:00:00+00:00,109506.64527499986
2025-10-23 04:00:00+00:00,109297.28527499986
2025-10-24 04:00:00+00:00,109297.28527499986
2025-10-27 04:00:00+00:00,109297.28527499986
2025-10-28 04:00:00+00:00,109297.28527499986
2025-10-29 04:00:00+00:00,109297.28527499986
2025-10-30 04:00:00+00:00,109292.94710999986
2025-10-31 04:00:00+00:00,110494.92710999986
2025-11-03 05:00:00+00:00,110676.94191999987
2025-11-04 05:00:00+00:00,110302.44191999987
2025-11-05 05:00:00+00:00,110470.43191999986
2025-11-06 05:00:00+00:00,110135.52191999987
2025-11-07 05:00:00+00:00,110388.04191999986
2025-11-10 05:00:00+00:00,110619.03149249987
2025-11-11 05:00:00+00:00,110658.54649249987
2025-11-12 05:00:00+00:00,110820.91069249988
2025-11-13 05:00:00+00:00,110561.67069249987
2025-11-14 05:00:00+00:00,110627.21069249987
2025-11-17 05:00:00+00:00,110398.16011249987
2025-11-18 05:00:00+00:00,110249.57011249987
2025-11-19 05:00:00+00:00,110391.96011249987
2025-11-20 05:00:00+00:00,110095.00011249987
2025-11-21 05:00:00+00:00,110214.13965249987
2025-11-24 05:00:00+00:00,110184.55965249987
2025-11-25 05:00:00+00:00,110262.85965249987
2025-11-26 05:00:00+00:00,110312.76747249988
2025-11-28 05:00:00+00:00,110393.16747249987
2025-12-01 05:00:00+00:00,110376.10747249986
2025-12-02 05:00:00+00:00,110385.98747249987
2025-12-03 05:00:00+00:00,109977.86747249987
2025-12-04 05:00:00+00:00,109920.48747249987
2025-12-05 05:00:00+00:00,109690.41707249987
2025-12-08 05:00:00+00:00,109554.87707249988
2025-12-09 05:00:00+00:00,109588.47707249987
2025-12-10 05:00:00+00:00,109347.07707249987
2025-12-11 05:00:00+00:00,108915.75707249987
2025-12-12 05:00:00+00:00,108994.62377249988
2025-12-15 05:00:00+00:00,109181.66377249987
2025-12-16 05:00:00+00:00,109122.87377249988
2025-12-17 05:00:00+00:00,109082.06192249988
2025-12-18 05:00:00+00:00,109150.96192249988
2025-12-19 05:00:00+00:00,110625.47192249987
2025-12-22 05:00:00+00:00,111330.15192249988
2025-12-23 05:00:00+00:00,110863.87764499987
2025-12-24 05:00:00+00:00,110787.51264499986
2025-12-26 05:00:00+00:00,110557.08807499988
2025-12-29 05:00:00+00:00,110267.66878499989
2025-12-30 05:00:00+00:00,110323.09378499987
