symbol,entry_date,exit_date,entry_price,exit_price,shares,pnl,pnl_pct,hold_days,exit_reason,t_statistic,composite_score,kelly_fraction,regime
AAPL,2020-11-16,2020-11-23,120.31,114.96,66,-352.91,-0.0444,5,stop_loss,1.7096,0.3943,0.08,NEUTRAL
TSLA,2020-11-20,2020-11-30,489.37,558.98,16,1113.82,0.1423,5,stop_loss,2.1236,0.4898,0.08,NEUTRAL
SHOP,2020-11-23,2020-12-02,979.42,1039.17,8,478.03,0.061,6,stop_loss,1.9635,0.4529,0.08,NEUTRAL
TSLA,2020-11-30,2020-12-02,566.79,554.89,14,-166.54,-0.021,2,stop_loss,1.7639,0.4068,0.08,NEUTRAL
DDOG,2020-12-01,2020-12-09,95.84,96.14,84,25.15,0.0031,6,stop_loss,2.4032,0.5543,0.08,NEUTRAL
META,2020-12-02,2020-12-09,287.67,277.96,28,-271.83,-0.0337,5,stop_loss,1.7487,0.4033,0.08,NEUTRAL
AAPL,2020-12-04,2020-12-09,122.31,121.33,66,-64.66,-0.008,3,stop_loss,1.8294,0.4219,0.08,NEUTRAL
MRK,2020-12-03,2020-12-14,81.52,81.95,98,42.3,0.0053,7,stop_loss,1.9271,0.4445,0.08,NEUTRAL
AAPL,2020-12-09,2020-12-21,121.8,125.14,66,220.65,0.0274,8,stop_loss,1.7565,0.4051,0.08,NEUTRAL
CAT,2020-12-14,2020-12-21,178.22,176.92,45,-58.62,-0.0073,5,stop_loss,1.7828,0.4112,0.08,NEUTRAL
NFLX,2020-12-09,2020-12-23,494.7,514.77,16,321.09,0.0406,10,stop_loss,1.8072,0.4168,0.08,NEUTRAL
AAPL,2020-12-23,2020-12-31,131.11,133.28,61,132.54,0.0166,5,stop_loss,1.6651,0.3841,0.08,NEUTRAL
GIS,2021-01-28,2021-02-01,59.39,57.72,136,-227.79,-0.0282,2,stop_loss,2.0496,0.4727,0.08,NEUTRAL
PFE,2021-01-28,2021-02-01,35.88,35.87,226,-1.84,-0.0002,2,stop_loss,1.7503,0.4037,0.08,NEUTRAL
KHC,2021-01-28,2021-02-02,33.97,33.16,238,-193.33,-0.0239,3,stop_loss,1.7266,0.3982,0.08,NEUTRAL
SNOW,2021-02-02,2021-02-10,301.0,301.69,26,17.98,0.0023,6,stop_loss,2.4468,0.5644,0.08,NEUTRAL
CRM,2021-01-27,2021-02-16,224.85,249.55,36,889.03,0.1098,13,take_profit,1.7021,0.3926,0.08,NEUTRAL
LMT,2021-02-08,2021-02-16,338.06,334.17,24,-93.33,-0.0115,5,stop_loss,2.2477,0.5184,0.08,NEUTRAL
META,2021-02-12,2021-02-19,270.85,264.7,30,-184.37,-0.0227,4,stop_loss,1.8066,0.4167,0.08,NEUTRAL
KO,2021-01-29,2021-02-22,48.17,49.71,168,258.29,0.0319,15,stop_loss,1.7265,0.3982,0.08,NEUTRAL
AAL,2021-01-29,2021-02-23,17.18,19.89,472,1279.73,0.1578,16,stop_loss,1.7646,0.407,0.08,NEUTRAL
BA,2021-02-26,2021-03-04,212.32,221.49,38,348.33,0.0432,4,stop_loss,1.6563,0.382,0.08,NEUTRAL
SBUX,2021-03-02,2021-03-04,107.19,104.14,77,-234.76,-0.0284,2,stop_loss,1.7469,0.4029,0.08,NEUTRAL
CMCSA,2021-02-03,2021-03-10,50.48,57.13,160,1064.23,0.1318,24,take_profit,1.9626,0.4527,0.08,NEUTRAL
RTX,2021-03-05,2021-03-19,75.21,76.28,110,117.65,0.0142,10,stop_loss,1.6509,0.3808,0.08,NEUTRAL
MRK,2021-03-09,2021-03-19,74.22,76.19,112,220.85,0.0266,8,stop_loss,1.8866,0.4351,0.08,NEUTRAL
PEP,2021-03-26,2021-03-31,142.93,141.55,58,-79.91,-0.0096,3,stop_loss,1.7146,0.3955,0.08,NEUTRAL
PFE,2021-03-08,2021-04-07,34.37,35.85,242,357.19,0.0429,21,stop_loss,2.2058,0.5088,0.08,NEUTRAL
LLY,2021-03-30,2021-04-07,185.5,181.3,45,-189.22,-0.0227,5,stop_loss,1.8674,0.4307,0.08,NEUTRAL
SNOW,2021-03-30,2021-04-09,221.95,227.34,37,199.5,0.0243,7,stop_loss,1.7391,0.4011,0.08,NEUTRAL
NET,2021-04-14,2021-04-20,74.63,73.09,112,-172.77,-0.0207,4,stop_loss,1.7761,0.4097,0.08,NEUTRAL
LLY,2021-04-22,2021-04-27,187.13,184.49,44,-116.18,-0.0141,3,stop_loss,1.8688,0.431,0.08,NEUTRAL
SNOW,2021-04-23,2021-04-29,235.62,227.82,35,-273.06,-0.0331,4,stop_loss,2.0099,0.4636,0.08,NEUTRAL
PEP,2021-04-23,2021-05-04,145.96,143.68,57,-130.08,-0.0156,7,stop_loss,1.8344,0.4231,0.08,NEUTRAL
WMT,2021-04-26,2021-05-04,137.98,140.33,60,141.19,0.0171,6,stop_loss,1.6671,0.3845,0.08,NEUTRAL
OXY,2021-04-30,2021-05-11,25.37,26.32,329,311.51,0.0373,7,stop_loss,1.8163,0.4189,0.08,NEUTRAL
HAL,2021-05-04,2021-05-11,20.96,22.27,400,524.12,0.0625,5,stop_loss,2.44,0.5628,0.08,NEUTRAL
CMCSA,2021-05-04,2021-05-11,56.63,57.55,148,136.02,0.0162,5,stop_loss,1.7229,0.3974,0.08,NEUTRAL
DIS,2021-05-07,2021-05-11,185.0,182.55,45,-110.31,-0.0133,2,stop_loss,1.6973,0.3915,0.08,NEUTRAL
CMCSA,2021-05-12,2021-05-17,56.65,57.13,148,71.22,0.0085,3,stop_loss,1.8758,0.4326,0.08,NEUTRAL
INTC,2021-05-11,2021-05-19,55.05,54.23,153,-125.73,-0.0149,6,stop_loss,1.7186,0.3964,0.08,NEUTRAL
NFLX,2021-05-21,2021-06-01,497.87,497.73,16,-2.17,-0.0003,6,stop_loss,2.0079,0.4631,0.08,NEUTRAL
AAL,2021-05-19,2021-06-04,22.98,24.66,366,614.03,0.073,11,stop_loss,2.2608,0.5215,0.08,NEUTRAL
CCL,2021-05-18,2021-06-10,28.01,29.78,300,531.3,0.0632,16,stop_loss,1.6775,0.3869,0.08,NEUTRAL
OXY,2021-06-04,2021-06-10,29.14,28.16,292,-287.35,-0.0338,4,stop_loss,1.7524,0.4042,0.08,NEUTRAL
PEP,2021-06-18,2021-06-23,145.38,144.81,58,-33.18,-0.0039,3,stop_loss,1.669,0.3849,0.08,NEUTRAL
AVGO,2021-06-18,2021-06-25,463.53,461.44,18,-37.69,-0.0045,5,stop_loss,2.2914,0.5285,0.08,NEUTRAL
TSLA,2021-06-16,2021-07-06,604.85,667.93,14,883.07,0.1043,13,stop_loss,1.692,0.3903,0.08,NEUTRAL
ABBV,2021-07-09,2021-07-15,116.64,116.02,73,-44.97,-0.0053,4,stop_loss,1.7718,0.4087,0.08,NEUTRAL
INTC,2021-07-09,2021-07-15,56.0,55.8,152,-30.44,-0.0036,4,stop_loss,1.6637,0.3837,0.08,NEUTRAL
SNOW,2021-07-13,2021-07-15,264.59,255.5,32,-290.76,-0.0343,2,stop_loss,2.256,0.5203,0.08,NEUTRAL
AMGN,2021-07-20,2021-07-29,247.13,242.4,34,-160.91,-0.0191,7,stop_loss,1.8889,0.4357,0.08,NEUTRAL
PFE,2021-07-20,2021-07-29,41.08,42.69,207,333.58,0.0392,7,stop_loss,1.6962,0.3912,0.08,NEUTRAL
CMCSA,2021-08-19,2021-08-26,58.96,59.07,144,15.13,0.0018,5,stop_loss,1.811,0.4177,0.08,NEUTRAL
OXY,2021-09-01,2021-09-08,25.09,25.13,344,13.92,0.0016,4,stop_loss,2.0208,0.4661,0.08,NEUTRAL
NVDA,2021-07-29,2021-09-10,196.75,224.76,43,1204.33,0.1424,30,time_stop,1.8846,0.4347,0.08,NEUTRAL
COST,2021-09-09,2021-09-13,466.17,460.65,18,-99.45,-0.0119,2,stop_loss,1.6791,0.3873,0.08,NEUTRAL
COST,2021-09-13,2021-09-20,459.98,455.41,18,-82.22,-0.0099,5,stop_loss,1.8929,0.4366,0.08,NEUTRAL
NVDA,2021-09-15,2021-09-20,223.56,210.24,38,-505.98,-0.0596,3,stop_loss,1.91,0.4405,0.08,NEUTRAL
KHC,2021-09-16,2021-09-20,36.57,35.85,235,-168.21,-0.0196,2,stop_loss,1.819,0.4196,0.08,NEUTRAL
NVDA,2021-09-22,2021-09-27,219.44,216.13,39,-129.17,-0.0151,3,stop_loss,1.8224,0.4203,0.08,NEUTRAL
NCLH,2021-09-21,2021-09-28,25.02,27.84,342,965.36,0.1128,5,stop_loss,1.7792,0.4104,0.08,NEUTRAL
UBER,2021-09-22,2021-09-29,44.92,44.93,190,2.18,0.0003,5,stop_loss,1.6771,0.3868,0.08,NEUTRAL
CCL,2021-09-23,2021-09-29,24.72,25.85,347,391.46,0.0456,4,stop_loss,1.6821,0.388,0.08,NEUTRAL
NCLH,2021-09-28,2021-09-30,27.94,26.65,312,-403.8,-0.0463,2,stop_loss,1.8058,0.4165,0.08,NEUTRAL
NVDA,2021-09-27,2021-10-04,216.65,200.9,40,-630.02,-0.0727,5,stop_loss,1.8488,0.4264,0.08,NEUTRAL
DAL,2021-09-28,2021-10-06,43.48,43.96,200,95.67,0.011,6,stop_loss,1.6849,0.3886,0.08,NEUTRAL
CCL,2021-09-30,2021-10-06,25.01,25.0,344,-4.36,-0.0005,4,stop_loss,1.7122,0.3949,0.08,NEUTRAL
V,2021-10-05,2021-10-11,224.38,225.02,38,24.14,0.0028,4,stop_loss,1.6827,0.3881,0.08,NEUTRAL
COIN,2021-10-05,2021-10-12,240.11,250.7,35,370.82,0.0441,5,stop_loss,1.7147,0.3955,0.08,NEUTRAL
OXY,2021-10-06,2021-10-13,32.02,32.42,268,105.92,0.0123,5,stop_loss,1.7023,0.3926,0.08,NEUTRAL
COIN,2021-10-12,2021-10-18,249.67,292.14,34,1444.11,0.1701,4,take_profit,2.0063,0.4628,0.08,NEUTRAL
LLY,2021-10-11,2021-10-26,233.82,238.84,37,185.81,0.0215,11,stop_loss,1.8007,0.4153,0.08,NEUTRAL
SNOW,2021-10-11,2021-11-02,309.98,362.21,27,1410.18,0.1685,16,take_profit,1.7361,0.4004,0.08,NEUTRAL
PFE,2021-11-01,2021-11-03,43.68,44.62,203,190.53,0.0215,2,stop_loss,1.8643,0.43,0.08,NEUTRAL
ABNB,2021-11-02,2021-11-05,173.04,193.41,51,1039.04,0.1177,3,take_profit,2.0638,0.476,0.08,NEUTRAL
COIN,2021-10-21,2021-11-09,300.16,366.38,29,1920.28,0.2206,13,take_profit,1.7042,0.3931,0.08,NEUTRAL
NCLH,2021-11-04,2021-11-09,26.83,27.88,335,351.68,0.0391,3,stop_loss,1.7965,0.4144,0.08,NEUTRAL
CCL,2021-11-04,2021-11-09,22.89,24.04,392,450.92,0.0503,3,stop_loss,1.7709,0.4085,0.08,NEUTRAL
AAL,2021-11-04,2021-11-11,20.64,21.4,435,329.05,0.0366,5,stop_loss,1.8603,0.4291,0.08,NEUTRAL
INTC,2021-11-09,2021-11-18,51.24,49.38,180,-334.81,-0.0363,7,stop_loss,1.9266,0.4444,0.08,NEUTRAL
GIS,2021-11-17,2021-11-19,63.15,62.22,145,-134.99,-0.0147,2,stop_loss,1.6642,0.3839,0.08,NEUTRAL
PEP,2021-11-19,2021-11-23,163.97,163.71,56,-14.33,-0.0016,2,stop_loss,1.7859,0.4119,0.08,NEUTRAL
PEP,2021-11-24,2021-11-30,163.83,161.34,56,-139.33,-0.0152,3,stop_loss,1.8493,0.4265,0.08,NEUTRAL
ORCL,2021-11-26,2021-11-30,92.39,91.5,99,-87.66,-0.0096,2,stop_loss,1.6576,0.3823,0.08,NEUTRAL
HAL,2021-11-29,2021-12-02,22.26,21.11,411,-472.07,-0.0516,3,stop_loss,1.6991,0.3919,0.08,NEUTRAL
LLY,2021-11-29,2021-12-02,255.13,247.02,35,-283.85,-0.0318,3,stop_loss,1.6504,0.3807,0.08,NEUTRAL
SBUX,2021-11-30,2021-12-02,109.68,109.79,83,9.34,0.001,2,stop_loss,2.1497,0.4958,0.08,NEUTRAL
PFE,2021-12-02,2021-12-06,53.0,51.55,171,-247.63,-0.0273,2,stop_loss,1.9649,0.4532,0.08,NEUTRAL
PYPL,2021-12-07,2021-12-13,191.2,185.81,47,-253.38,-0.0282,4,stop_loss,1.9625,0.4526,0.08,NEUTRAL
DE,2021-11-29,2021-12-14,348.22,346.66,26,-40.62,-0.0045,11,stop_loss,1.6689,0.3849,0.08,NEUTRAL
DIS,2021-12-07,2021-12-14,150.85,148.55,60,-137.94,-0.0152,5,stop_loss,1.9241,0.4438,0.08,NEUTRAL
GIS,2021-11-30,2021-12-15,61.82,66.66,148,715.82,0.0782,11,take_profit,2.1974,0.5068,0.08,NEUTRAL
LMT,2021-12-07,2021-12-15,339.34,340.47,26,29.46,0.0033,6,stop_loss,1.6742,0.3862,0.08,NEUTRAL
PEP,2021-12-02,2021-12-16,160.77,172.73,56,669.96,0.0744,10,take_profit,1.8203,0.4199,0.08,NEUTRAL
PYPL,2021-12-13,2021-12-17,186.46,183.8,49,-130.44,-0.0143,4,stop_loss,1.7327,0.3996,0.08,NEUTRAL
PFE,2021-12-17,2021-12-21,59.45,58.05,154,-215.64,-0.0236,2,stop_loss,1.8912,0.4362,0.08,NEUTRAL
COIN,2021-12-23,2021-12-29,268.16,257.6,34,-359.1,-0.0394,3,stop_loss,1.7,0.3921,0.08,NEUTRAL
CCL,2021-12-27,2021-12-31,20.98,20.07,435,-395.01,-0.0433,4,stop_loss,2.2367,0.5159,0.08,NEUTRAL
PFE,2021-12-21,2022-01-03,58.97,56.84,155,-329.71,-0.0361,8,stop_loss,2.5857,0.5964,0.08,NEUTRAL
NET,2021-12-23,2022-01-03,137.33,123.61,66,-905.59,-0.0999,6,stop_loss,1.846,0.4258,0.08,NEUTRAL
DDOG,2021-12-28,2022-01-03,177.56,166.62,51,-558.04,-0.0616,4,stop_loss,1.7307,0.3992,0.08,NEUTRAL
COIN,2021-12-29,2022-01-05,252.63,238.4,35,-498.19,-0.0563,5,stop_loss,1.6868,0.3891,0.08,NEUTRAL
TSLA,2021-12-30,2022-01-05,1071.39,1117.2,8,366.46,0.0428,4,stop_loss,1.9895,0.4589,0.08,NEUTRAL
ABNB,2021-12-31,2022-01-05,166.47,165.09,54,-74.52,-0.0083,3,stop_loss,1.7332,0.3998,0.08,NEUTRAL
UBER,2021-12-22,2022-01-06,43.04,43.05,212,3.04,0.0003,10,stop_loss,1.7174,0.3961,0.08,NEUTRAL
PYPL,2022-01-04,2022-01-06,191.12,186.34,47,-224.86,-0.025,2,stop_loss,1.7331,0.3997,0.08,NEUTRAL
GE,2021-12-29,2022-01-10,94.86,99.09,95,401.4,0.0445,8,stop_loss,1.7509,0.4039,0.08,NEUTRAL
KHC,2021-12-21,2022-01-11,35.02,36.93,261,499.42,0.0546,14,stop_loss,2.3067,0.532,0.08,NEUTRAL
AAL,2021-12-28,2022-01-12,18.56,18.42,494,-70.27,-0.0077,11,stop_loss,1.6978,0.3916,0.08,NEUTRAL
PEP,2022-01-20,2022-01-24,174.06,173.65,51,-20.92,-0.0024,2,stop_loss,2.2652,0.5225,0.08,NEUTRAL
AMGN,2022-01-20,2022-01-24,229.01,225.13,39,-151.32,-0.0169,2,stop_loss,1.736,0.4004,0.08,NEUTRAL
CMCSA,2022-01-21,2022-01-25,49.76,49.39,179,-66.15,-0.0074,2,stop_loss,1.7213,0.397,0.08,NEUTRAL
PEP,2022-01-24,2022-01-26,173.49,166.82,51,-340.35,-0.0385,2,stop_loss,2.0144,0.4646,0.08,NEUTRAL
GIS,2022-01-25,2022-02-04,68.38,67.62,130,-99.13,-0.0112,8,stop_loss,1.8773,0.433,0.08,NEUTRAL
PFE,2022-01-28,2022-02-08,54.37,50.65,163,-605.6,-0.0683,7,stop_loss,1.8841,0.4346,0.08,NEUTRAL
NET,2022-02-02,2022-02-11,99.58,110.45,89,967.2,0.1091,7,stop_loss,1.6715,0.3855,0.08,NEUTRAL
COIN,2022-02-08,2022-02-11,208.64,193.12,42,-651.8,-0.0744,3,stop_loss,1.7574,0.4053,0.08,NEUTRAL
SNOW,2022-02-09,2022-02-11,308.24,298.86,28,-262.58,-0.0304,2,stop_loss,1.6848,0.3886,0.08,NEUTRAL
ORCL,2022-02-14,2022-02-17,78.97,77.34,112,-183.05,-0.0207,3,stop_loss,1.6671,0.3845,0.08,NEUTRAL
ABNB,2022-02-17,2022-02-22,183.69,162.33,48,-1025.34,-0.1163,2,stop_loss,2.0673,0.4768,0.08,NEUTRAL
SQ,2022-02-15,2022-02-23,115.25,89.87,76,-1929.26,-0.2203,5,stop_loss,1.7989,0.4149,0.08,NEUTRAL
MU,2022-02-17,2022-02-23,93.83,88.62,94,-489.66,-0.0555,3,stop_loss,1.7061,0.3935,0.08,NEUTRAL
SLB,2022-02-22,2022-02-24,39.57,37.92,219,-360.69,-0.0416,2,stop_loss,1.76,0.4059,0.08,NEUTRAL
SQ,2022-02-25,2022-03-03,119.94,117.1,71,-201.32,-0.0236,4,stop_loss,2.0171,0.4653,0.08,NEUTRAL
PYPL,2022-03-02,2022-03-04,106.66,99.71,80,-555.73,-0.0651,2,stop_loss,1.7546,0.4047,0.08,NEUTRAL
AMD,2022-02-28,2022-03-07,123.39,104.62,69,-1295.29,-0.1521,5,stop_loss,1.7196,0.3966,0.08,NEUTRAL
SHOP,2022-03-03,2022-03-07,641.22,564.98,13,-991.18,-0.1189,2,stop_loss,1.6971,0.3914,0.08,NEUTRAL
AVGO,2022-03-04,2022-03-08,596.54,566.51,14,-420.46,-0.0503,2,stop_loss,2.0225,0.4665,0.08,NEUTRAL
GIS,2022-02-24,2022-03-09,65.62,66.57,130,122.95,0.0144,9,stop_loss,1.7871,0.4122,0.08,NEUTRAL
TSLA,2022-03-08,2022-03-14,824.79,779.33,10,-454.61,-0.0551,4,stop_loss,1.6871,0.3891,0.08,NEUTRAL
HAL,2022-03-09,2022-03-14,34.87,35.33,237,110.12,0.0133,3,stop_loss,2.2113,0.51,0.08,NEUTRAL
PFE,2022-03-09,2022-03-22,48.78,52.97,169,707.68,0.0858,9,stop_loss,1.7973,0.4146,0.08,NEUTRAL
HAL,2022-03-14,2022-03-29,36.39,36.07,228,-71.94,-0.0087,11,stop_loss,1.722,0.3972,0.08,NEUTRAL
AMD,2022-03-17,2022-03-31,111.74,117.87,73,447.34,0.0548,10,stop_loss,1.8393,0.4242,0.08,NEUTRAL
MRVL,2022-03-18,2022-03-31,71.37,71.67,116,34.8,0.0042,9,stop_loss,2.0847,0.4808,0.08,NEUTRAL
SHOP,2022-03-18,2022-03-31,693.3,686.86,12,-77.28,-0.0093,9,stop_loss,1.9384,0.4471,0.08,NEUTRAL
COIN,2022-03-21,2022-04-01,176.87,188.73,47,557.58,0.0671,9,stop_loss,2.0306,0.4684,0.08,NEUTRAL
NVDA,2022-03-23,2022-04-01,256.21,269.18,33,427.87,0.0506,7,stop_loss,1.7918,0.4133,0.08,NEUTRAL
SQ,2022-03-25,2022-04-01,130.44,133.13,66,177.78,0.0206,5,stop_loss,1.7414,0.4017,0.08,NEUTRAL
PYPL,2022-03-16,2022-04-06,107.97,115.44,76,567.57,0.0692,15,stop_loss,1.815,0.4186,0.08,NEUTRAL
SNOW,2022-03-21,2022-04-06,213.12,221.38,39,322.26,0.0388,12,stop_loss,2.0052,0.4625,0.08,NEUTRAL
META,2022-03-25,2022-04-06,222.26,226.47,38,159.81,0.0189,8,stop_loss,1.7539,0.4045,0.08,NEUTRAL
CCL,2022-04-01,2022-04-06,20.06,20.15,425,39.73,0.0047,3,stop_loss,1.6611,0.3831,0.08,NEUTRAL
GE,2022-04-04,2022-04-06,92.07,89.34,92,-250.8,-0.0296,2,stop_loss,2.02,0.4659,0.08,NEUTRAL
NCLH,2022-04-05,2022-04-07,22.17,20.22,388,-756.64,-0.088,2,stop_loss,1.8421,0.4249,0.08,NEUTRAL
WFC,2022-04-11,2022-04-13,49.35,47.71,170,-278.3,-0.0332,2,stop_loss,1.6616,0.3832,0.08,NEUTRAL
ADBE,2022-04-05,2022-04-21,459.1,417.66,18,-745.9,-0.0903,11,stop_loss,1.7705,0.4084,0.08,NEUTRAL
DE,2022-04-12,2022-04-21,420.07,432.11,19,228.74,0.0287,6,stop_loss,1.6676,0.3846,0.08,NEUTRAL
GIS,2022-04-25,2022-04-29,72.25,71.0,115,-144.3,-0.0174,4,stop_loss,1.8611,0.4293,0.08,NEUTRAL
PEP,2022-04-29,2022-05-03,171.85,168.11,48,-179.49,-0.0218,2,stop_loss,1.7508,0.4038,0.08,NEUTRAL
MA,2022-05-02,2022-05-05,359.41,349.7,23,-223.41,-0.027,3,stop_loss,1.6899,0.3898,0.08,NEUTRAL
META,2022-05-03,2022-05-06,212.08,205.88,39,-241.74,-0.0292,3,stop_loss,1.8001,0.4152,0.08,NEUTRAL
SHOP,2022-05-04,2022-05-06,486.06,390.37,17,-1626.65,-0.1969,2,stop_loss,1.8561,0.4281,0.08,NEUTRAL
PYPL,2022-05-04,2022-05-09,92.76,78.9,89,-1233.49,-0.1494,3,stop_loss,1.6559,0.3819,0.08,NEUTRAL
MRVL,2022-05-05,2022-05-09,58.49,54.94,143,-508.0,-0.0607,2,stop_loss,1.8475,0.4261,0.08,NEUTRAL
FITB,2022-05-09,2022-05-12,36.83,35.53,219,-285.78,-0.0354,3,stop_loss,1.6716,0.3856,0.08,NEUTRAL
PEP,2022-05-17,2022-05-18,174.6,164.19,46,-478.96,-0.0596,1,stop_loss,1.6611,0.3831,0.08,NEUTRAL
MRK,2022-05-03,2022-05-19,87.1,91.03,95,373.11,0.0451,12,stop_loss,1.8281,0.4217,0.08,NEUTRAL
BMY,2022-05-13,2022-05-19,75.84,75.88,105,3.68,0.0005,4,stop_loss,2.3128,0.5335,0.08,NEUTRAL
COIN,2022-05-24,2022-06-01,61.39,67.83,130,836.94,0.1049,5,stop_loss,1.9608,0.4523,0.08,NEUTRAL
CMCSA,2022-05-13,2022-06-02,41.5,43.05,193,298.3,0.0372,13,stop_loss,1.7385,0.401,0.08,NEUTRAL
USB,2022-05-31,2022-06-02,53.11,51.21,156,-296.25,-0.0358,2,stop_loss,1.6875,0.3892,0.08,NEUTRAL
AMZN,2022-06-03,2022-06-06,2447.63,2185.73,3,-785.71,-0.107,1,stop_loss,1.6737,0.386,0.08,NEUTRAL
NFLX,2022-05-23,2022-06-09,187.52,193.61,42,255.66,0.0325,12,stop_loss,1.6794,0.3874,0.08,NEUTRAL
ADBE,2022-05-18,2022-06-10,398.34,418.11,20,395.32,0.0496,16,stop_loss,1.7957,0.4142,0.08,NEUTRAL
NET,2022-05-23,2022-06-10,56.78,50.9,141,-829.67,-0.1036,13,stop_loss,1.7656,0.4072,0.08,NEUTRAL
SHOP,2022-05-23,2022-06-10,368.64,345.02,21,-496.08,-0.0641,13,stop_loss,1.7324,0.3996,0.08,NEUTRAL
DDOG,2022-06-03,2022-06-10,105.53,98.37,78,-558.14,-0.0678,5,stop_loss,1.8413,0.4247,0.08,NEUTRAL
NFLX,2022-06-09,2022-06-13,192.88,170.03,42,-959.49,-0.1184,2,stop_loss,2.0512,0.4731,0.08,NEUTRAL
UBER,2022-06-09,2022-06-13,25.45,22.03,319,-1091.31,-0.1344,2,stop_loss,1.8963,0.4374,0.08,NEUTRAL
CVX,2022-06-15,2022-06-17,164.21,153.09,47,-522.48,-0.0677,2,stop_loss,2.02,0.4659,0.08,NEUTRAL
SLB,2022-06-15,2022-06-17,41.52,36.46,186,-940.83,-0.1218,2,stop_loss,1.6814,0.3878,0.08,NEUTRAL
XOM,2022-06-17,2022-06-23,86.12,87.14,88,89.44,0.0118,3,stop_loss,1.924,0.4438,0.08,NEUTRAL
BMY,2022-06-14,2022-06-27,72.94,79.89,106,736.7,0.0953,8,take_profit,2.013,0.4643,0.08,NEUTRAL
AMZN,2022-06-15,2022-06-28,107.71,110.1,25,59.73,0.0222,8,stop_loss,1.8328,0.4227,0.0286,NEUTRAL
LLY,2022-06-16,2022-06-28,288.42,317.7,26,761.26,0.1015,7,stop_loss,2.0571,0.4745,0.08,NEUTRAL
MRK,2022-06-22,2022-06-28,89.21,92.57,86,289.11,0.0377,4,stop_loss,1.7927,0.4135,0.08,NEUTRAL
WMT,2022-06-17,2022-06-29,118.41,121.28,64,183.75,0.0242,7,stop_loss,2.2177,0.5115,0.08,NEUTRAL
SNOW,2022-06-24,2022-06-29,151.86,140.44,51,-582.35,-0.0752,3,stop_loss,1.8519,0.4271,0.08,NEUTRAL
DDOG,2022-06-27,2022-06-29,105.24,95.32,74,-734.05,-0.0943,2,stop_loss,2.0935,0.4829,0.08,NEUTRAL
NET,2022-06-27,2022-06-30,49.24,44.01,159,-831.81,-0.1062,3,stop_loss,1.9235,0.4437,0.08,NEUTRAL
AMZN,2022-06-28,2022-06-30,107.44,102.61,72,-347.53,-0.0449,2,stop_loss,4.7901,1.1048,0.08,NEUTRAL
AMZN,2022-06-30,2022-07-12,106.47,109.16,71,190.99,0.0253,7,stop_loss,2.2165,0.5112,0.08,NEUTRAL
SNOW,2022-07-05,2022-07-12,155.06,150.87,49,-205.51,-0.027,5,stop_loss,1.8152,0.4187,0.08,NEUTRAL
ORCL,2022-07-07,2022-07-13,71.87,69.65,106,-235.13,-0.0309,4,stop_loss,2.1179,0.4885,0.08,NEUTRAL
SHOP,2022-07-11,2022-07-25,32.34,36.44,154,632.03,0.1269,10,stop_loss,1.7836,0.4114,0.0521,NEUTRAL
AMD,2022-07-15,2022-07-25,81.16,85.96,93,446.59,0.0592,6,stop_loss,1.7111,0.3947,0.08,NEUTRAL
AMZN,2022-07-12,2022-07-26,109.3,118.62,69,643.0,0.0853,10,stop_loss,3.2608,0.7521,0.08,NEUTRAL
SHOP,2022-07-26,2022-08-09,31.57,37.51,244,1448.18,0.188,10,stop_loss,1.9584,0.4517,0.08,NEUTRAL
CCL,2022-08-05,2022-08-09,9.82,9.47,808,-283.6,-0.0357,2,stop_loss,1.8712,0.4316,0.08,NEUTRAL
COIN,2022-08-05,2022-08-09,93.05,87.13,85,-503.38,-0.0636,2,stop_loss,1.6663,0.3843,0.08,NEUTRAL
SHOP,2022-08-11,2022-08-18,40.45,36.06,193,-847.13,-0.1085,5,stop_loss,1.6731,0.3859,0.08,NEUTRAL
GOOGL,2022-07-27,2022-08-19,113.13,118.4,31,163.36,0.0466,17,stop_loss,1.7165,0.3959,0.0366,NEUTRAL
AMZN,2022-07-29,2022-08-19,135.07,138.71,57,207.32,0.0269,15,stop_loss,2.0048,0.4624,0.08,NEUTRAL
GOOGL,2022-08-19,2022-08-26,117.29,110.72,66,-433.32,-0.056,5,stop_loss,2.0252,0.4671,0.08,NEUTRAL
AMZN,2022-08-19,2022-08-30,138.28,127.8,56,-587.1,-0.0758,7,stop_loss,2.1878,0.5046,0.08,NEUTRAL
OXY,2022-08-22,2022-08-30,69.06,72.05,111,332.13,0.0433,6,stop_loss,1.7522,0.4041,0.08,NEUTRAL
DDOG,2022-08-26,2022-09-01,106.75,102.38,72,-314.82,-0.041,4,stop_loss,1.7053,0.3933,0.08,NEUTRAL
KHC,2022-08-30,2022-09-06,37.45,37.53,205,15.63,0.002,4,stop_loss,2.4008,0.5538,0.08,NEUTRAL
AMZN,2022-08-31,2022-09-06,126.83,125.08,60,-104.88,-0.0138,3,stop_loss,1.8528,0.4273,0.08,NEUTRAL
CVX,2022-09-01,2022-09-07,155.62,154.14,49,-72.45,-0.0095,3,stop_loss,1.9422,0.448,0.08,NEUTRAL
AMZN,2022-09-08,2022-09-13,129.9,130.44,58,31.07,0.0041,3,stop_loss,1.6956,0.3911,0.08,NEUTRAL
COIN,2022-09-09,2022-09-13,80.87,76.98,94,-365.92,-0.0481,2,stop_loss,1.8383,0.424,0.08,NEUTRAL
SHOP,2022-09-13,2022-09-16,32.76,31.73,235,-242.17,-0.0315,3,stop_loss,2.309,0.5326,0.08,NEUTRAL
COIN,2022-09-13,2022-09-16,75.33,73.78,102,-158.46,-0.0206,3,stop_loss,1.8724,0.4319,0.08,NEUTRAL
AMZN,2022-09-13,2022-09-16,126.88,123.38,60,-209.79,-0.0276,3,stop_loss,1.831,0.4223,0.08,NEUTRAL
CCL,2022-09-15,2022-09-21,10.93,10.33,703,-424.55,-0.0553,4,stop_loss,1.92,0.4429,0.08,NEUTRAL
NCLH,2022-09-16,2022-09-21,15.31,14.65,500,-328.49,-0.0429,3,stop_loss,2.0465,0.472,0.08,NEUTRAL
TSLA,2022-09-08,2022-09-22,289.42,297.6,26,212.64,0.0283,10,stop_loss,2.4346,0.5615,0.08,NEUTRAL
AMZN,2022-09-20,2022-09-22,122.26,116.99,62,-326.79,-0.0431,2,stop_loss,1.7815,0.4109,0.08,NEUTRAL
SHOP,2022-09-19,2022-09-23,32.95,27.88,230,-1167.01,-0.154,4,stop_loss,2.2259,0.5134,0.08,NEUTRAL
NFLX,2022-09-21,2022-09-23,236.96,223.81,31,-407.63,-0.0555,2,stop_loss,1.8864,0.4351,0.08,NEUTRAL
TSLA,2022-09-23,2022-09-29,275.47,271.46,26,-104.29,-0.0146,4,stop_loss,2.0791,0.4795,0.08,NEUTRAL
UNH,2022-09-23,2022-10-07,514.5,511.61,14,-40.45,-0.0056,10,stop_loss,2.1523,0.4964,0.08,NEUTRAL
PYPL,2022-10-03,2022-10-07,87.22,89.81,83,214.87,0.0297,4,stop_loss,1.7239,0.3976,0.08,NEUTRAL
COIN,2022-10-04,2022-10-07,74.55,67.79,98,-662.85,-0.0907,3,stop_loss,2.2054,0.5087,0.08,NEUTRAL
GOOGL,2022-10-04,2022-10-07,101.7,98.46,72,-233.5,-0.0319,3,stop_loss,2.0254,0.4672,0.08,NEUTRAL
HD,2022-09-28,2022-10-10,282.33,281.48,26,-22.23,-0.003,8,stop_loss,2.0965,0.4836,0.08,NEUTRAL
LOW,2022-09-28,2022-10-10,194.58,194.18,37,-14.63,-0.002,8,stop_loss,1.7086,0.3941,0.08,NEUTRAL
LLY,2022-10-03,2022-10-10,321.55,323.56,22,44.27,0.0063,5,stop_loss,1.9324,0.4457,0.08,NEUTRAL
SHOP,2022-10-04,2022-10-10,31.56,26.36,232,-1207.14,-0.1649,4,stop_loss,2.4125,0.5564,0.08,NEUTRAL
HAL,2022-10-07,2022-10-11,30.44,28.74,243,-412.86,-0.0558,2,stop_loss,2.2902,0.5282,0.08,NEUTRAL
OXY,2022-10-07,2022-10-11,69.82,65.85,106,-420.3,-0.0568,2,stop_loss,1.7887,0.4126,0.08,NEUTRAL
AAPL,2022-09-28,2022-10-13,149.83,137.11,49,-623.21,-0.0849,11,stop_loss,2.1334,0.4921,0.08,NEUTRAL
GOOGL,2022-10-11,2022-10-21,97.22,98.36,73,82.97,0.0117,8,stop_loss,1.7354,0.4003,0.08,NEUTRAL
KHC,2022-10-17,2022-10-21,35.51,35.14,199,-73.82,-0.0104,4,stop_loss,2.5538,0.589,0.08,NEUTRAL
UBER,2022-10-24,2022-10-28,27.66,26.49,257,-301.07,-0.0424,4,stop_loss,1.6865,0.389,0.08,NEUTRAL
TSLA,2022-10-19,2022-11-02,222.28,217.15,32,-164.24,-0.0231,10,stop_loss,1.6754,0.3864,0.08,NEUTRAL
NFLX,2022-10-20,2022-11-02,268.15,280.42,26,319.14,0.0458,9,stop_loss,1.8171,0.4191,0.08,NEUTRAL
SHOP,2022-10-20,2022-11-03,29.73,33.06,239,795.46,0.112,10,stop_loss,2.5399,0.5858,0.08,NEUTRAL
AMD,2022-10-31,2022-11-03,60.12,58.99,120,-135.52,-0.0188,3,stop_loss,1.7014,0.3924,0.08,NEUTRAL
TSLA,2022-11-02,2022-11-07,215.0,204.76,33,-338.05,-0.0476,3,stop_loss,2.1373,0.493,0.08,NEUTRAL
NKE,2022-11-02,2022-11-07,90.32,93.03,79,213.79,0.03,3,stop_loss,1.7075,0.3938,0.08,NEUTRAL
AMD,2022-11-03,2022-11-09,60.13,60.16,118,3.8,0.0005,4,stop_loss,1.6801,0.3875,0.08,NEUTRAL
MU,2022-11-09,2022-11-16,56.01,60.61,128,588.51,0.0821,5,stop_loss,1.6581,0.3824,0.08,NEUTRAL
CMCSA,2022-11-04,2022-11-17,31.04,33.34,229,526.32,0.074,9,stop_loss,1.8725,0.4319,0.08,NEUTRAL
GOOGL,2022-11-15,2022-11-22,98.54,94.31,73,-308.7,-0.0429,5,stop_loss,1.6988,0.3918,0.08,NEUTRAL
GOOGL,2022-11-22,2022-11-29,97.1,94.21,74,-213.63,-0.0297,4,stop_loss,1.7516,0.404,0.08,NEUTRAL
BA,2022-11-08,2022-12-02,170.1,172.83,42,114.53,0.016,17,stop_loss,1.968,0.4539,0.08,NEUTRAL
TSLA,2022-11-29,2022-12-05,180.95,184.86,39,152.5,0.0216,4,stop_loss,2.0089,0.4634,0.08,NEUTRAL
META,2022-11-17,2022-12-06,111.52,118.88,64,471.34,0.066,12,stop_loss,1.681,0.3877,0.08,NEUTRAL
GOOGL,2022-12-02,2022-12-06,100.49,97.32,72,-228.35,-0.0316,2,stop_loss,1.8262,0.4212,0.08,NEUTRAL
KHC,2022-11-25,2022-12-07,38.93,39.37,185,81.16,0.0113,8,stop_loss,1.7123,0.3949,0.08,NEUTRAL
TSLA,2022-12-05,2022-12-08,182.59,170.24,39,-481.75,-0.0677,3,stop_loss,2.025,0.4671,0.08,NEUTRAL
INTC,2022-12-07,2022-12-14,28.34,28.79,254,113.09,0.0157,5,stop_loss,1.8918,0.4364,0.08,NEUTRAL
CVX,2022-12-20,2022-12-22,172.76,169.35,41,-139.97,-0.0198,2,stop_loss,1.7308,0.3992,0.08,NEUTRAL
OXY,2022-12-21,2022-12-28,63.73,62.01,112,-192.29,-0.0269,4,stop_loss,1.6691,0.385,0.08,NEUTRAL
CVX,2022-12-22,2023-01-03,172.12,173.99,41,76.83,0.0109,6,stop_loss,1.772,0.4087,0.08,NEUTRAL
NET,2023-01-23,2023-01-25,47.64,44.66,151,-449.61,-0.0625,2,stop_loss,1.736,0.4004,0.08,NEUTRAL
TSLA,2023-01-10,2023-01-27,118.91,169.05,60,3008.13,0.4216,12,take_profit,2.028,0.4678,0.08,NEUTRAL
CVX,2023-01-25,2023-01-27,179.17,181.91,40,109.57,0.0153,2,stop_loss,2.0634,0.4759,0.08,NEUTRAL
NCLH,2023-01-18,2023-01-30,15.53,14.78,465,-346.63,-0.048,8,stop_loss,1.6974,0.3915,0.08,NEUTRAL
TSLA,2023-01-27,2023-01-31,177.94,165.0,41,-530.52,-0.0727,2,stop_loss,1.8389,0.4242,0.08,NEUTRAL
NET,2023-01-25,2023-02-02,46.18,61.12,157,2345.49,0.3235,6,take_profit,1.7803,0.4106,0.08,NEUTRAL
GOOGL,2023-01-23,2023-02-03,99.82,102.98,72,227.71,0.0317,9,stop_loss,1.715,0.3956,0.08,NEUTRAL
ADBE,2023-01-25,2023-02-03,358.5,386.21,20,554.21,0.0773,7,stop_loss,1.8285,0.4218,0.08,NEUTRAL
COIN,2023-02-06,2023-02-10,74.7,56.66,101,-1821.87,-0.2415,4,stop_loss,1.6955,0.3911,0.08,NEUTRAL
NCLH,2023-02-09,2023-02-21,16.93,16.99,443,25.19,0.0034,7,stop_loss,1.7084,0.3941,0.08,NEUTRAL
GE,2023-02-13,2023-02-21,82.65,81.88,89,-68.55,-0.0093,5,stop_loss,1.7429,0.402,0.08,NEUTRAL
BA,2023-02-15,2023-02-24,217.51,204.43,34,-444.8,-0.0601,6,stop_loss,1.8818,0.434,0.08,NEUTRAL
COST,2023-02-22,2023-02-28,497.73,484.35,14,-187.38,-0.0269,4,stop_loss,1.7487,0.4033,0.08,NEUTRAL
GE,2023-02-21,2023-03-09,82.26,91.0,90,787.0,0.1063,12,take_profit,2.1052,0.4856,0.08,NEUTRAL
OXY,2023-03-07,2023-03-09,60.88,61.0,121,15.08,0.002,2,stop_loss,1.9397,0.4474,0.08,NEUTRAL
SLB,2023-03-06,2023-03-10,55.4,51.21,133,-556.69,-0.0756,4,stop_loss,1.6615,0.3832,0.08,NEUTRAL
GOOGL,2023-03-08,2023-03-10,94.34,92.31,78,-158.22,-0.0215,2,stop_loss,1.7635,0.4067,0.08,NEUTRAL
OXY,2023-03-09,2023-03-13,60.59,58.45,121,-258.85,-0.0353,2,stop_loss,1.7589,0.4057,0.08,NEUTRAL
GE,2023-03-13,2023-03-15,89.02,89.11,82,7.37,0.001,2,stop_loss,1.8437,0.4252,0.08,NEUTRAL
PEP,2023-03-14,2023-03-23,173.61,175.43,42,76.27,0.0105,7,stop_loss,1.767,0.4076,0.08,NEUTRAL
MU,2023-03-16,2023-03-28,56.59,58.71,130,276.08,0.0375,8,stop_loss,1.8234,0.4206,0.08,NEUTRAL
NVDA,2023-03-20,2023-03-28,259.02,260.52,28,42.04,0.0058,6,stop_loss,1.7312,0.3993,0.08,NEUTRAL
MU,2023-03-28,2023-03-31,59.33,61.01,125,210.52,0.0284,3,stop_loss,1.7612,0.4062,0.08,NEUTRAL
MRVL,2023-03-23,2023-04-04,42.26,41.2,174,-185.17,-0.0252,8,stop_loss,1.7206,0.3969,0.08,NEUTRAL
GE,2023-03-15,2023-04-05,89.8,94.44,81,376.02,0.0517,15,stop_loss,1.7116,0.3948,0.08,NEUTRAL
GIS,2023-03-16,2023-04-05,80.52,86.81,91,572.08,0.0781,14,take_profit,2.0027,0.4619,0.08,NEUTRAL
SNOW,2023-03-31,2023-04-05,154.39,148.88,48,-264.58,-0.0357,3,stop_loss,1.8535,0.4275,0.08,NEUTRAL
PFE,2023-03-14,2023-04-10,39.9,41.21,184,240.47,0.0328,18,stop_loss,1.7265,0.3982,0.08,NEUTRAL
NFLX,2023-03-28,2023-04-12,323.67,332.09,22,185.28,0.026,10,stop_loss,2.0148,0.4647,0.08,NEUTRAL
CCL,2023-03-31,2023-04-20,10.17,9.5,739,-491.91,-0.0655,13,stop_loss,1.691,0.39,0.08,NEUTRAL
XOM,2023-04-26,2023-05-01,115.49,116.53,64,66.62,0.009,3,stop_loss,1.718,0.3963,0.08,NEUTRAL
KHC,2023-04-26,2023-05-02,39.36,39.17,188,-36.38,-0.0049,4,stop_loss,1.8068,0.4167,0.08,NEUTRAL
OXY,2023-05-01,2023-05-10,61.2,58.14,121,-370.15,-0.05,7,stop_loss,1.6624,0.3834,0.08,NEUTRAL
MRVL,2023-05-05,2023-05-12,40.97,39.28,180,-304.59,-0.0413,5,stop_loss,1.996,0.4604,0.08,NEUTRAL
KO,2023-05-08,2023-05-16,63.96,63.27,116,-79.55,-0.0107,6,stop_loss,1.7634,0.4067,0.08,NEUTRAL
NET,2023-05-15,2023-05-23,51.24,56.51,143,753.07,0.1028,6,stop_loss,2.2272,0.5137,0.08,NEUTRAL
NFLX,2023-05-15,2023-05-23,336.07,360.09,21,504.45,0.0715,6,stop_loss,2.0723,0.478,0.08,NEUTRAL
COIN,2023-05-12,2023-05-24,57.35,56.77,128,-74.45,-0.0101,8,stop_loss,1.6561,0.382,0.08,NEUTRAL
SQ,2023-05-24,2023-05-30,61.87,58.58,121,-398.46,-0.0532,3,stop_loss,1.999,0.4611,0.08,NEUTRAL
TSLA,2023-05-24,2023-06-05,182.99,217.15,40,1366.45,0.1867,7,take_profit,1.6637,0.3837,0.08,NEUTRAL
COIN,2023-06-02,2023-06-06,64.58,54.71,116,-1144.61,-0.1528,2,stop_loss,1.6693,0.385,0.08,NEUTRAL
FCX,2023-06-07,2023-06-20,37.6,38.96,198,269.13,0.0362,8,stop_loss,1.6936,0.3906,0.08,NEUTRAL
BMY,2023-06-26,2023-06-28,64.82,63.69,115,-129.38,-0.0174,2,stop_loss,1.9647,0.4532,0.08,NEUTRAL
TGT,2023-06-26,2023-07-06,134.62,130.57,55,-222.59,-0.0301,7,stop_loss,1.96,0.4521,0.08,NEUTRAL
PYPL,2023-06-26,2023-07-06,66.48,66.06,112,-46.5,-0.0062,7,stop_loss,1.8439,0.4253,0.08,NEUTRAL
FITB,2023-06-30,2023-07-06,26.2,25.81,284,-111.74,-0.015,3,stop_loss,1.6788,0.3872,0.08,NEUTRAL
AMD,2023-07-10,2023-07-17,113.64,116.35,65,175.97,0.0238,5,stop_loss,1.681,0.3877,0.08,NEUTRAL
SHOP,2023-07-17,2023-07-20,68.7,65.68,108,-325.77,-0.0439,3,stop_loss,1.7988,0.4149,0.08,NEUTRAL
NKE,2023-07-18,2023-07-25,109.78,107.46,67,-155.18,-0.0211,5,stop_loss,1.6795,0.3874,0.08,NEUTRAL
SNOW,2023-07-19,2023-07-26,185.57,168.5,40,-682.97,-0.092,5,stop_loss,1.823,0.4205,0.08,NEUTRAL
USB,2023-07-12,2023-07-31,35.13,39.61,211,945.32,0.1275,13,take_profit,1.7898,0.4128,0.08,NEUTRAL
AVGO,2023-08-03,2023-08-09,884.84,868.93,8,-127.26,-0.018,4,stop_loss,1.9627,0.4527,0.08,NEUTRAL
COST,2023-08-14,2023-08-17,561.72,554.21,13,-97.6,-0.0134,3,stop_loss,1.6806,0.3876,0.08,NEUTRAL
SNOW,2023-08-23,2023-08-25,155.8,152.12,47,-173.15,-0.0236,2,stop_loss,1.9621,0.4525,0.08,NEUTRAL
TSLA,2023-08-30,2023-09-01,257.18,245.92,28,-315.29,-0.0438,2,stop_loss,1.9662,0.4535,0.08,NEUTRAL
RTX,2023-08-29,2023-09-05,85.4,85.5,86,8.81,0.0012,4,stop_loss,2.0843,0.4808,0.08,NEUTRAL
MA,2023-08-24,2023-09-06,397.82,409.86,18,216.79,0.0303,8,stop_loss,1.7831,0.4113,0.08,NEUTRAL
DDOG,2023-08-21,2023-09-13,94.73,97.34,78,203.58,0.0276,16,stop_loss,1.9009,0.4384,0.08,NEUTRAL
V,2023-08-17,2023-09-14,237.64,245.85,31,254.62,0.0346,19,stop_loss,1.7558,0.405,0.08,NEUTRAL
SNOW,2023-09-11,2023-09-14,170.34,162.64,43,-330.9,-0.0452,3,stop_loss,2.2057,0.5087,0.08,NEUTRAL
DDOG,2023-09-13,2023-09-15,97.55,94.1,76,-262.15,-0.0354,2,stop_loss,2.3508,0.5422,0.08,NEUTRAL
FCX,2023-09-11,2023-09-18,40.12,39.77,185,-65.13,-0.0088,5,stop_loss,1.6569,0.3822,0.08,NEUTRAL
COIN,2023-08-31,2023-09-19,79.66,79.51,93,-13.51,-0.0018,12,stop_loss,2.0187,0.4656,0.08,NEUTRAL
SNOW,2023-09-14,2023-09-21,163.0,156.08,45,-311.35,-0.0424,5,stop_loss,1.9355,0.4464,0.08,NEUTRAL
GE,2023-09-15,2023-09-21,115.53,114.45,64,-68.86,-0.0093,4,stop_loss,1.6918,0.3902,0.08,NEUTRAL
JPM,2023-09-18,2023-09-21,149.18,147.0,49,-107.04,-0.0146,3,stop_loss,1.6993,0.3919,0.08,NEUTRAL
JPM,2023-09-25,2023-09-29,146.54,145.5,50,-51.95,-0.0071,4,stop_loss,1.7469,0.4029,0.08,NEUTRAL
CVX,2023-09-29,2023-10-04,168.75,162.55,43,-266.66,-0.0367,3,stop_loss,2.3475,0.5414,0.08,NEUTRAL
COIN,2023-10-05,2023-10-11,74.62,76.02,98,136.97,0.0187,4,stop_loss,1.7096,0.3943,0.08,NEUTRAL
SQ,2023-10-09,2023-10-12,43.74,45.15,169,237.55,0.0321,3,stop_loss,1.9975,0.4607,0.08,NEUTRAL
META,2023-10-02,2023-10-13,306.93,317.5,23,243.07,0.0344,9,stop_loss,1.7377,0.4008,0.08,NEUTRAL
GOOGL,2023-10-03,2023-10-13,132.5,136.62,55,226.48,0.0311,8,stop_loss,1.8329,0.4228,0.08,NEUTRAL
AMD,2023-10-05,2023-10-13,102.97,105.89,71,207.11,0.0283,6,stop_loss,1.6926,0.3904,0.08,NEUTRAL
UNH,2023-09-22,2023-10-17,506.4,534.36,14,391.48,0.0552,17,stop_loss,1.6896,0.3897,0.08,NEUTRAL
ORCL,2023-10-10,2023-10-17,109.79,107.55,67,-150.19,-0.0204,5,stop_loss,2.0578,0.4746,0.08,NEUTRAL
TGT,2023-10-16,2023-10-19,111.36,108.71,66,-175.05,-0.0238,3,stop_loss,1.6727,0.3858,0.08,NEUTRAL
ADBE,2023-10-12,2023-10-20,559.92,545.72,13,-184.57,-0.0254,6,stop_loss,1.664,0.3838,0.08,NEUTRAL
RTX,2023-10-13,2023-10-20,73.3,72.78,101,-52.79,-0.0071,5,stop_loss,2.0062,0.4627,0.08,NEUTRAL
SQ,2023-10-12,2023-10-23,45.44,43.65,164,-292.87,-0.0393,7,stop_loss,1.6516,0.3809,0.08,NEUTRAL
USB,2023-10-19,2023-10-23,32.76,30.91,225,-417.16,-0.0566,2,stop_loss,1.8842,0.4346,0.08,NEUTRAL
COIN,2023-10-24,2023-10-26,82.08,76.17,89,-525.85,-0.072,2,stop_loss,1.6685,0.3849,0.08,NEUTRAL
CCL,2023-11-01,2023-11-06,11.31,12.02,647,456.29,0.0624,3,stop_loss,1.761,0.4062,0.08,NEUTRAL
GIS,2023-10-30,2023-11-07,64.87,65.12,111,27.8,0.0039,6,stop_loss,2.0025,0.4619,0.08,NEUTRAL
FCX,2023-11-02,2023-11-07,35.02,34.43,209,-122.62,-0.0168,3,stop_loss,1.7717,0.4087,0.08,NEUTRAL
TGT,2023-11-01,2023-11-08,109.57,110.33,66,50.04,0.0069,5,stop_loss,2.2165,0.5112,0.08,NEUTRAL
AAL,2023-11-07,2023-11-09,11.77,11.71,634,-36.66,-0.0049,2,stop_loss,2.1813,0.5031,0.08,NEUTRAL
COIN,2023-10-26,2023-11-13,74.62,90.25,97,1516.23,0.2095,12,stop_loss,2.2465,0.5182,0.08,NEUTRAL
USB,2023-11-02,2023-11-13,34.35,33.69,213,-140.52,-0.0192,7,stop_loss,1.6975,0.3915,0.08,NEUTRAL
MRVL,2023-11-07,2023-11-13,51.23,52.46,145,178.87,0.0241,4,stop_loss,1.6759,0.3865,0.08,NEUTRAL
RTX,2023-10-30,2023-11-14,78.6,81.12,92,231.56,0.032,11,stop_loss,2.3877,0.5507,0.08,NEUTRAL
CCL,2023-11-06,2023-11-21,12.27,14.08,611,1108.26,0.1478,11,stop_loss,1.7096,0.3943,0.08,NEUTRAL
AAL,2023-11-09,2023-11-21,11.75,12.11,638,229.69,0.0306,8,stop_loss,2.1055,0.4856,0.08,NEUTRAL
PFE,2023-11-24,2023-11-28,30.54,29.74,247,-198.41,-0.0263,2,stop_loss,1.6897,0.3897,0.08,NEUTRAL
KO,2023-11-27,2023-11-30,58.51,57.96,129,-70.57,-0.0093,3,stop_loss,1.7035,0.3929,0.08,NEUTRAL
UNH,2023-11-28,2023-12-11,541.03,542.15,13,14.53,0.0021,9,stop_loss,1.9893,0.4588,0.08,NEUTRAL
AAL,2023-12-05,2023-12-20,13.15,14.01,573,495.31,0.0657,11,stop_loss,1.6959,0.3912,0.08,NEUTRAL
COIN,2023-12-26,2023-12-29,172.26,172.93,44,29.68,0.0039,3,stop_loss,1.7803,0.4106,0.08,NEUTRAL
GE,2023-12-20,2024-01-02,123.44,126.34,61,176.84,0.0235,7,stop_loss,1.7294,0.3989,0.08,NEUTRAL
COIN,2023-12-29,2024-01-03,174.02,159.45,43,-626.35,-0.0837,2,stop_loss,1.7592,0.4058,0.08,NEUTRAL
DIS,2024-01-04,2024-01-09,90.61,89.84,83,-63.67,-0.0085,3,stop_loss,1.8891,0.4357,0.08,NEUTRAL
BMY,2024-01-04,2024-01-10,52.08,50.89,144,-170.81,-0.0228,4,stop_loss,1.6658,0.3842,0.08,NEUTRAL
ABNB,2024-01-05,2024-01-16,136.06,136.68,55,34.06,0.0046,6,stop_loss,1.8265,0.4213,0.08,NEUTRAL
LLY,2024-01-05,2024-01-17,618.62,628.43,12,117.7,0.0159,7,stop_loss,1.9038,0.4391,0.08,NEUTRAL
ORCL,2024-01-17,2024-01-24,106.46,114.41,70,556.69,0.0747,5,take_profit,1.7242,0.3977,0.08,NEUTRAL
COIN,2024-01-31,2024-02-05,128.15,119.74,59,-496.13,-0.0656,3,stop_loss,1.6742,0.3862,0.08,NEUTRAL
NET,2024-02-09,2024-02-13,107.96,101.65,69,-435.52,-0.0585,2,stop_loss,1.8955,0.4372,0.08,NEUTRAL
PFE,2024-02-14,2024-02-22,27.11,27.26,276,42.56,0.0057,5,stop_loss,1.8376,0.4238,0.08,NEUTRAL
AAL,2024-01-29,2024-03-04,14.95,15.22,507,139.19,0.0184,24,stop_loss,2.2907,0.5284,0.08,NEUTRAL
NET,2024-02-15,2024-03-11,101.28,97.67,74,-267.23,-0.0357,16,stop_loss,1.9244,0.4439,0.08,NEUTRAL
ABNB,2024-02-20,2024-03-13,148.22,161.33,50,655.59,0.0885,16,stop_loss,1.6599,0.3829,0.08,NEUTRAL
WMT,2024-03-08,2024-03-25,60.16,60.59,126,53.98,0.0071,11,stop_loss,2.7259,0.6287,0.08,NEUTRAL
DAL,2024-03-15,2024-03-25,43.13,44.63,175,263.06,0.0349,6,stop_loss,1.7127,0.395,0.08,NEUTRAL
CCL,2024-03-25,2024-03-27,17.13,16.79,443,-149.28,-0.0197,2,stop_loss,1.7036,0.3929,0.08,NEUTRAL
PYPL,2024-03-18,2024-04-01,64.25,65.37,117,131.29,0.0175,9,stop_loss,1.6579,0.3824,0.08,NEUTRAL
WMT,2024-03-25,2024-04-01,60.6,60.07,125,-66.37,-0.0088,4,stop_loss,2.5826,0.5957,0.08,NEUTRAL
TSLA,2024-03-28,2024-04-02,175.81,165.87,43,-427.27,-0.0565,2,stop_loss,1.6611,0.3831,0.08,NEUTRAL
WMT,2024-04-01,2024-04-03,59.98,59.09,126,-112.38,-0.0149,2,stop_loss,1.7692,0.4081,0.08,NEUTRAL
CVX,2024-03-18,2024-04-11,155.5,159.92,48,212.19,0.0284,17,stop_loss,1.7541,0.4046,0.08,NEUTRAL
BMY,2024-04-03,2024-04-11,52.22,49.9,144,-334.79,-0.0445,6,stop_loss,1.6523,0.3811,0.08,NEUTRAL
MSFT,2024-04-10,2024-04-12,423.34,420.11,17,-54.9,-0.0076,2,stop_loss,2.037,0.4698,0.08,NEUTRAL
META,2024-04-09,2024-04-15,517.23,503.88,14,-186.92,-0.0258,4,stop_loss,1.8403,0.4245,0.08,NEUTRAL
TSLA,2024-04-10,2024-04-15,171.87,164.09,43,-334.33,-0.0452,3,stop_loss,1.701,0.3923,0.08,NEUTRAL
PYPL,2024-04-11,2024-04-15,65.81,63.47,114,-266.45,-0.0355,2,stop_loss,1.6597,0.3828,0.08,NEUTRAL
WMT,2024-04-05,2024-04-16,59.87,59.76,125,-14.27,-0.0019,7,stop_loss,2.0811,0.48,0.08,NEUTRAL
WMT,2024-04-16,2024-04-18,59.87,59.29,124,-72.28,-0.0097,2,stop_loss,2.5223,0.5818,0.08,NEUTRAL
PYPL,2024-04-15,2024-04-19,63.53,61.73,117,-210.06,-0.0283,4,stop_loss,2.1357,0.4926,0.08,NEUTRAL
SNOW,2024-04-15,2024-04-19,152.12,145.48,49,-325.35,-0.0436,4,stop_loss,1.8721,0.4318,0.08,NEUTRAL
WMT,2024-04-18,2024-04-23,59.28,59.23,125,-5.71,-0.0008,3,stop_loss,2.3011,0.5308,0.08,NEUTRAL
NKE,2024-04-22,2024-04-25,94.27,92.61,78,-129.43,-0.0176,3,stop_loss,2.0976,0.4838,0.08,NEUTRAL
SBUX,2024-04-19,2024-04-30,87.64,87.48,84,-13.55,-0.0018,7,stop_loss,1.7991,0.415,0.08,NEUTRAL
WMT,2024-04-23,2024-04-30,59.12,59.14,125,3.04,0.0004,5,stop_loss,1.9862,0.4581,0.08,NEUTRAL
NCLH,2024-04-26,2024-05-01,19.04,18.23,390,-317.44,-0.0427,3,stop_loss,1.9968,0.4606,0.08,NEUTRAL
PYPL,2024-05-01,2024-05-06,66.13,65.06,112,-119.29,-0.0161,3,stop_loss,1.7136,0.3953,0.08,NEUTRAL
CCL,2024-04-30,2024-05-07,14.83,14.28,502,-277.44,-0.0373,5,stop_loss,1.7046,0.3932,0.08,NEUTRAL
TSLA,2024-05-02,2024-05-08,180.21,172.36,40,-314.18,-0.0436,4,stop_loss,1.9951,0.4602,0.08,NEUTRAL
GE,2024-04-15,2024-05-10,153.78,163.28,48,455.79,0.0617,19,stop_loss,1.7934,0.4137,0.08,NEUTRAL
ADBE,2024-05-07,2024-05-10,492.09,480.43,15,-174.89,-0.0237,3,stop_loss,1.8895,0.4358,0.08,NEUTRAL
WMT,2024-05-09,2024-05-14,60.49,60.16,121,-39.79,-0.0054,3,stop_loss,2.0874,0.4815,0.08,NEUTRAL
META,2024-05-09,2024-05-21,475.67,463.74,15,-179.0,-0.0251,8,stop_loss,1.8359,0.4235,0.08,NEUTRAL
AMD,2024-05-15,2024-05-23,159.75,162.43,45,120.67,0.0168,6,stop_loss,1.8226,0.4204,0.08,NEUTRAL
INTC,2024-05-21,2024-05-23,31.76,30.96,231,-185.61,-0.0253,2,stop_loss,1.6905,0.3899,0.08,NEUTRAL
GE,2024-05-23,2024-05-29,165.31,163.85,44,-64.37,-0.0089,3,stop_loss,1.7327,0.3997,0.08,NEUTRAL
COIN,2024-05-23,2024-05-31,218.99,225.35,33,209.94,0.0291,5,stop_loss,1.9811,0.4569,0.08,NEUTRAL
GE,2024-05-29,2024-06-03,163.58,159.77,45,-171.57,-0.0233,3,stop_loss,2.0587,0.4748,0.08,NEUTRAL
TSLA,2024-05-22,2024-06-05,180.28,172.53,40,-310.12,-0.043,9,stop_loss,1.7281,0.3986,0.08,NEUTRAL
SHOP,2024-06-06,2024-06-13,61.51,64.16,118,312.28,0.043,5,stop_loss,1.8416,0.4248,0.08,NEUTRAL
ABNB,2024-06-07,2024-06-13,146.73,145.83,49,-44.21,-0.0061,4,stop_loss,1.7359,0.4004,0.08,NEUTRAL
NCLH,2024-06-06,2024-06-14,18.17,17.31,400,-343.61,-0.0473,6,stop_loss,2.1869,0.5044,0.08,NEUTRAL
META,2024-06-05,2024-06-17,495.27,497.41,14,29.92,0.0043,8,stop_loss,1.6863,0.389,0.08,NEUTRAL
COIN,2024-07-01,2024-07-05,233.47,215.97,31,-542.64,-0.075,3,stop_loss,1.8307,0.4222,0.08,NEUTRAL
ABNB,2024-06-18,2024-07-10,147.39,151.57,49,204.89,0.0284,14,stop_loss,1.7327,0.3997,0.08,NEUTRAL
NVDA,2024-06-20,2024-07-12,130.85,127.43,53,-181.31,-0.0261,15,stop_loss,2.9833,0.6881,0.0765,NEUTRAL
AMD,2024-07-11,2024-07-16,182.25,176.85,39,-210.59,-0.0296,3,stop_loss,2.0945,0.4831,0.08,NEUTRAL
NVDA,2024-07-12,2024-07-17,129.56,123.42,55,-337.94,-0.0474,3,stop_loss,2.7537,0.6351,0.08,NEUTRAL
NVDA,2024-07-19,2024-07-24,118.07,116.62,60,-86.85,-0.0123,3,stop_loss,1.9878,0.4585,0.08,NEUTRAL
COIN,2024-07-23,2024-07-25,257.59,241.3,27,-439.73,-0.0632,2,stop_loss,1.9779,0.4562,0.08,NEUTRAL
PFE,2024-08-06,2024-08-09,29.31,28.46,242,-205.52,-0.029,3,stop_loss,1.6823,0.388,0.08,NEUTRAL
SBUX,2024-08-09,2024-08-13,75.14,85.97,94,1017.74,0.1441,2,take_profit,1.9805,0.4568,0.08,NEUTRAL
NKE,2024-08-05,2024-08-15,71.47,79.81,99,825.67,0.1167,8,take_profit,2.0039,0.4622,0.08,NEUTRAL
CMG,2024-07-05,2024-08-16,62.78,52.46,28,-288.85,-0.1643,30,time_stop,1.9008,0.4384,0.02,NEUTRAL
AVGO,2024-07-29,2024-08-26,150.16,160.45,41,421.97,0.0685,20,stop_loss,1.677,0.3868,0.0693,NEUTRAL
AMD,2024-08-20,2024-08-26,156.47,149.3,48,-344.1,-0.0458,4,stop_loss,1.9099,0.4405,0.08,NEUTRAL
NET,2024-08-08,2024-08-28,76.85,79.28,92,223.41,0.0316,14,stop_loss,1.8735,0.4321,0.08,NEUTRAL
SHOP,2024-08-12,2024-08-28,68.36,72.32,104,411.46,0.0579,12,stop_loss,1.7778,0.41,0.08,NEUTRAL
NVDA,2024-08-14,2024-08-29,118.03,122.38,62,269.87,0.0369,11,stop_loss,2.3224,0.5357,0.08,NEUTRAL
LOW,2024-08-07,2024-09-03,231.71,244.84,30,393.99,0.0567,18,stop_loss,1.7395,0.4012,0.08,NEUTRAL
CMG,2024-08-29,2024-09-03,55.66,53.28,133,-316.95,-0.0428,2,stop_loss,2.18,0.5028,0.08,NEUTRAL
NCLH,2024-08-29,2024-09-04,17.86,17.22,415,-265.17,-0.0358,3,stop_loss,2.3348,0.5385,0.08,NEUTRAL
LLY,2024-08-12,2024-09-05,884.63,926.75,8,336.95,0.0476,17,stop_loss,1.6506,0.3807,0.08,NEUTRAL
DAL,2024-08-27,2024-09-06,40.84,42.6,183,321.29,0.043,7,stop_loss,1.9717,0.4548,0.08,NEUTRAL
ORCL,2024-09-09,2024-09-10,139.94,152.83,52,670.46,0.0921,1,take_profit,1.6576,0.3823,0.08,NEUTRAL
COST,2024-09-06,2024-09-17,877.66,895.36,8,141.63,0.0202,7,stop_loss,1.6804,0.3876,0.08,NEUTRAL
AAL,2024-09-11,2024-09-23,10.79,10.75,689,-24.13,-0.0032,8,stop_loss,1.6906,0.3899,0.08,NEUTRAL
DAL,2024-09-12,2024-09-26,44.31,51.03,167,1122.99,0.1518,10,take_profit,1.8161,0.4189,0.08,NEUTRAL
CMG,2024-09-13,2024-09-27,56.14,57.1,132,126.65,0.0171,10,stop_loss,1.9663,0.4535,0.08,NEUTRAL
NVDA,2024-09-13,2024-09-27,119.14,120.45,62,81.46,0.011,10,stop_loss,1.8001,0.4152,0.08,NEUTRAL
MU,2024-09-26,2024-09-30,109.94,103.96,68,-406.51,-0.0544,2,stop_loss,2.1251,0.4902,0.08,NEUTRAL
CMG,2024-09-27,2024-10-02,57.37,56.26,131,-145.82,-0.0194,3,stop_loss,1.8921,0.4364,0.08,NEUTRAL
TSLA,2024-09-30,2024-10-02,261.81,250.26,28,-323.31,-0.0441,2,stop_loss,1.6694,0.3851,0.08,NEUTRAL
AMD,2024-10-01,2024-10-10,159.82,166.46,46,305.31,0.0415,7,stop_loss,1.7488,0.4034,0.08,NEUTRAL
NVDA,2024-10-01,2024-10-14,116.95,139.52,64,1444.49,0.193,9,take_profit,1.859,0.4288,0.08,NEUTRAL
AVGO,2024-10-11,2024-10-15,181.5,176.43,41,-207.97,-0.0279,2,stop_loss,1.8136,0.4183,0.08,NEUTRAL
MRVL,2024-10-08,2024-10-16,73.13,78.44,103,547.3,0.0727,6,stop_loss,1.7352,0.4002,0.08,NEUTRAL
MU,2024-09-30,2024-10-21,103.72,108.32,72,331.31,0.0444,15,stop_loss,2.3985,0.5532,0.08,NEUTRAL
CMG,2024-10-03,2024-10-23,56.75,58.52,131,232.2,0.0312,14,stop_loss,2.4598,0.5674,0.08,NEUTRAL
BA,2024-10-22,2024-10-24,159.98,154.79,48,-248.99,-0.0324,2,stop_loss,1.8967,0.4375,0.08,NEUTRAL
SBUX,2024-10-25,2024-10-29,97.37,96.43,78,-73.0,-0.0096,2,stop_loss,1.9075,0.44,0.08,NEUTRAL
AMD,2024-10-28,2024-10-30,160.0,159.53,47,-22.0,-0.0029,2,stop_loss,2.0007,0.4615,0.08,NEUTRAL
CMG,2024-10-29,2024-10-30,60.53,57.98,126,-321.17,-0.0421,1,stop_loss,2.0021,0.4618,0.08,NEUTRAL
TSLA,2024-10-28,2024-11-01,262.63,247.81,29,-429.91,-0.0564,4,stop_loss,2.6179,0.6038,0.08,NEUTRAL
CMG,2024-10-30,2024-11-04,55.8,56.7,137,123.16,0.0161,3,stop_loss,1.7603,0.406,0.08,NEUTRAL
AVGO,2024-10-30,2024-11-11,176.72,177.11,43,16.72,0.0022,8,stop_loss,1.6672,0.3845,0.08,NEUTRAL
GOOGL,2024-10-31,2024-11-14,171.19,175.99,44,211.14,0.028,10,stop_loss,1.7344,0.4,0.08,NEUTRAL
TSLA,2024-11-12,2024-11-14,328.7,317.32,23,-261.75,-0.0346,2,stop_loss,1.875,0.4325,0.08,NEUTRAL
CMG,2024-11-11,2024-11-19,59.3,58.48,129,-106.31,-0.0139,6,stop_loss,1.8618,0.4294,0.08,NEUTRAL
TSLA,2024-11-14,2024-11-27,311.24,327.99,24,401.9,0.0538,9,stop_loss,1.7207,0.3969,0.08,NEUTRAL
AAL,2024-11-21,2024-12-05,14.21,16.65,537,1311.18,0.1718,9,take_profit,1.8873,0.4353,0.08,NEUTRAL
BA,2024-11-26,2024-12-06,150.82,153.64,50,140.76,0.0187,7,stop_loss,1.8577,0.4285,0.08,NEUTRAL
LLY,2024-12-02,2024-12-09,800.22,810.22,9,89.96,0.0125,5,stop_loss,1.6606,0.383,0.08,NEUTRAL
AVGO,2024-11-14,2024-12-10,170.52,173.22,44,118.97,0.0159,17,stop_loss,2.0323,0.4688,0.08,NEUTRAL
NET,2024-11-25,2024-12-18,103.77,113.56,73,714.93,0.0944,16,stop_loss,1.7778,0.4101,0.08,NEUTRAL
DAL,2024-12-24,2024-12-30,62.58,60.04,125,-318.02,-0.0407,3,stop_loss,1.7468,0.4029,0.08,NEUTRAL
DAL,2024-12-30,2025-01-02,60.73,58.63,128,-269.1,-0.0346,2,stop_loss,1.7654,0.4072,0.08,NEUTRAL
AAL,2024-12-31,2025-01-03,17.43,16.85,446,-260.61,-0.0335,2,stop_loss,1.7847,0.4116,0.08,NEUTRAL
PFE,2024-12-18,2025-01-08,25.89,26.8,302,274.22,0.0351,13,stop_loss,1.6948,0.3909,0.08,NEUTRAL
UBER,2024-12-27,2025-01-08,61.2,66.03,127,613.93,0.079,7,stop_loss,1.8475,0.4261,0.08,NEUTRAL
BMY,2024-12-27,2025-01-13,57.73,54.84,135,-389.8,-0.05,9,stop_loss,1.7444,0.4023,0.08,NEUTRAL
SLB,2025-01-03,2025-01-17,38.59,43.34,201,954.41,0.123,9,take_profit,1.9739,0.4553,0.08,NEUTRAL
MRK,2025-01-08,2025-01-17,99.89,98.84,78,-82.27,-0.0106,6,stop_loss,1.673,0.3859,0.08,NEUTRAL
MU,2025-01-08,2025-01-23,99.48,103.53,78,316.11,0.0407,9,stop_loss,1.8151,0.4187,0.08,NEUTRAL
GE,2025-01-14,2025-01-23,176.91,192.86,44,701.95,0.0902,6,take_profit,1.7369,0.4006,0.08,NEUTRAL
LMT,2025-01-21,2025-01-28,506.43,492.55,15,-208.22,-0.0274,5,stop_loss,1.7087,0.3941,0.08,NEUTRAL
UBER,2025-01-08,2025-01-29,64.93,66.68,120,210.52,0.027,13,stop_loss,1.946,0.4488,0.08,NEUTRAL
CMCSA,2025-01-27,2025-01-30,38.26,36.64,208,-336.61,-0.0423,3,stop_loss,1.8431,0.4251,0.08,NEUTRAL
CMG,2025-01-31,2025-02-05,58.39,57.0,135,-188.27,-0.0239,3,stop_loss,1.8401,0.4244,0.08,NEUTRAL
PFE,2025-01-31,2025-02-05,26.52,26.06,298,-138.46,-0.0175,3,stop_loss,1.7294,0.3989,0.08,NEUTRAL
ABNB,2025-02-06,2025-02-10,132.59,133.87,59,75.59,0.0097,2,stop_loss,2.164,0.4991,0.08,NEUTRAL
ABNB,2025-02-10,2025-02-14,135.37,153.29,58,1039.55,0.1324,4,take_profit,1.7175,0.3961,0.08,NEUTRAL
CMCSA,2025-02-12,2025-02-25,34.92,35.8,225,198.75,0.0253,8,stop_loss,1.9837,0.4575,0.08,NEUTRAL
PFE,2025-02-26,2025-03-04,26.42,26.12,302,-91.9,-0.0115,4,stop_loss,2.025,0.4671,0.08,NEUTRAL
CMG,2025-03-03,2025-03-07,54.36,50.08,147,-628.43,-0.0786,4,stop_loss,1.8963,0.4374,0.08,NEUTRAL
ADBE,2025-03-06,2025-03-10,444.82,437.82,17,-118.94,-0.0157,2,stop_loss,1.8642,0.43,0.08,NEUTRAL
PFE,2025-03-04,2025-03-11,25.76,26.35,310,181.36,0.0227,5,stop_loss,1.8715,0.4317,0.08,NEUTRAL
MRK,2025-03-05,2025-03-11,93.22,93.66,85,37.65,0.0048,4,stop_loss,1.9557,0.4511,0.08,NEUTRAL
ADBE,2025-03-10,2025-03-13,435.16,428.71,18,-116.1,-0.0148,3,stop_loss,2.4576,0.5668,0.08,NEUTRAL
PFE,2025-03-14,2025-03-25,25.72,25.74,306,4.64,0.0006,7,stop_loss,1.7666,0.4075,0.08,NEUTRAL
AVGO,2025-03-17,2025-03-26,194.69,181.72,40,-518.89,-0.0666,7,stop_loss,1.806,0.4165,0.08,NEUTRAL
MRVL,2025-03-21,2025-03-26,70.43,66.52,113,-442.18,-0.0556,3,stop_loss,1.7263,0.3982,0.08,NEUTRAL
AMD,2025-03-24,2025-03-26,113.94,108.75,70,-362.97,-0.0455,2,stop_loss,1.7498,0.4036,0.08,NEUTRAL
PYPL,2025-03-13,2025-03-27,66.96,68.75,118,211.17,0.0267,10,stop_loss,1.774,0.4092,0.08,NEUTRAL
SLB,2025-03-10,2025-03-28,41.17,41.73,193,107.88,0.0136,14,stop_loss,1.7141,0.3954,0.08,NEUTRAL
DAL,2025-03-25,2025-03-28,48.73,45.39,165,-550.66,-0.0685,3,stop_loss,1.8131,0.4182,0.08,NEUTRAL
COIN,2025-03-26,2025-03-28,194.0,175.0,41,-779.15,-0.098,2,stop_loss,2.2425,0.5172,0.08,NEUTRAL
CMCSA,2025-03-11,2025-03-31,35.98,36.35,221,81.82,0.0103,14,stop_loss,2.1042,0.4853,0.08,NEUTRAL
AAL,2025-03-26,2025-04-01,11.46,10.04,701,-991.93,-0.1235,4,stop_loss,1.9299,0.4451,0.08,NEUTRAL
TSLA,2025-03-28,2025-04-02,263.67,251.69,29,-347.41,-0.0454,3,stop_loss,1.7229,0.3974,0.08,NEUTRAL
UNH,2025-03-06,2025-04-04,487.88,532.93,16,720.82,0.0923,21,stop_loss,2.2739,0.5245,0.08,NEUTRAL
PEP,2025-04-02,2025-04-04,149.11,149.93,51,42.07,0.0055,2,stop_loss,1.7968,0.4144,0.08,NEUTRAL
CMG,2025-04-04,2025-04-08,47.32,45.72,163,-261.06,-0.0338,2,stop_loss,2.2143,0.5107,0.08,NEUTRAL
WMT,2025-04-04,2025-04-08,83.15,82.65,92,-46.29,-0.0061,2,stop_loss,2.202,0.5079,0.08,NEUTRAL
PEP,2025-04-04,2025-04-09,146.57,138.78,52,-405.05,-0.0531,3,stop_loss,2.3131,0.5335,0.08,NEUTRAL
JNJ,2025-04-04,2025-04-09,153.29,147.58,50,-285.66,-0.0373,3,stop_loss,1.8948,0.437,0.08,NEUTRAL
KHC,2025-04-07,2025-04-09,28.53,27.81,270,-195.31,-0.0254,2,stop_loss,2.8205,0.6506,0.08,NEUTRAL
GIS,2025-04-07,2025-04-09,58.69,56.67,131,-264.75,-0.0344,2,stop_loss,2.3689,0.5464,0.08,NEUTRAL
KO,2025-04-07,2025-04-09,68.38,67.44,112,-105.4,-0.0138,2,stop_loss,2.1479,0.4954,0.08,NEUTRAL
AMGN,2025-04-07,2025-04-09,289.58,281.99,26,-197.36,-0.0262,2,stop_loss,1.8149,0.4186,0.08,NEUTRAL
WMT,2025-04-08,2025-04-14,81.86,95.3,93,1250.14,0.1642,4,take_profit,2.4285,0.5601,0.08,NEUTRAL
AAL,2025-04-09,2025-04-21,11.13,9.14,682,-1360.3,-0.1792,7,stop_loss,2.03,0.4682,0.08,NEUTRAL
KO,2025-04-23,2025-04-29,73.3,70.43,102,-292.95,-0.0392,4,stop_loss,1.7155,0.3957,0.08,NEUTRAL
NCLH,2025-04-28,2025-04-30,17.46,16.14,446,-587.15,-0.0754,2,stop_loss,1.8137,0.4183,0.08,NEUTRAL
PFE,2025-04-23,2025-05-06,22.37,23.36,336,332.13,0.0442,9,stop_loss,1.8925,0.4365,0.08,NEUTRAL
MRVL,2025-04-11,2025-05-07,53.34,58.9,140,779.1,0.1043,17,stop_loss,1.7218,0.3971,0.08,NEUTRAL
COIN,2025-04-10,2025-05-13,169.72,249.83,44,3524.62,0.472,22,take_profit,1.7134,0.3952,0.08,NEUTRAL
JNJ,2025-05-09,2025-05-13,154.28,151.32,51,-150.73,-0.0192,2,stop_loss,1.6964,0.3913,0.08,NEUTRAL
NET,2025-04-16,2025-05-14,109.54,153.43,69,3028.63,0.4007,19,take_profit,2.0137,0.4645,0.08,NEUTRAL
DAL,2025-04-09,2025-05-15,44.28,50.33,171,1034.28,0.1366,25,stop_loss,1.9503,0.4498,0.08,NEUTRAL
AAL,2025-04-30,2025-05-15,9.94,11.71,784,1387.85,0.1781,11,stop_loss,1.822,0.4203,0.08,NEUTRAL
NCLH,2025-05-07,2025-05-19,17.3,18.46,451,522.78,0.067,8,stop_loss,1.7021,0.3926,0.08,NEUTRAL
CCL,2025-05-09,2025-05-21,20.19,22.23,393,801.98,0.1011,8,stop_loss,1.9313,0.4454,0.08,NEUTRAL
SQ,2025-04-09,2025-05-22,86.99,86.91,87,-7.26,-0.001,30,time_stop,1.8645,0.43,0.08,NEUTRAL
GOOGL,2025-05-20,2025-05-30,164.06,167.7,51,185.71,0.0222,7,stop_loss,1.9629,0.4527,0.08,NEUTRAL
SHOP,2025-05-19,2025-06-04,109.19,103.18,77,-463.06,-0.0551,11,stop_loss,1.8128,0.4181,0.08,NEUTRAL
COST,2025-05-23,2025-06-05,1009.68,1039.37,8,237.48,0.0294,8,stop_loss,1.6992,0.3919,0.08,NEUTRAL
AMGN,2025-05-28,2025-06-05,278.68,285.1,30,192.59,0.023,6,stop_loss,2.0221,0.4664,0.08,NEUTRAL
ABNB,2025-06-04,2025-06-09,133.64,138.36,63,297.43,0.0353,3,stop_loss,1.7032,0.3928,0.08,NEUTRAL
NCLH,2025-06-04,2025-06-11,18.4,19.12,459,329.29,0.039,5,stop_loss,2.2613,0.5216,0.08,NEUTRAL
JNJ,2025-05-28,2025-06-16,152.49,154.69,55,121.0,0.0144,13,stop_loss,1.7777,0.41,0.08,NEUTRAL
UNH,2025-05-29,2025-06-16,298.35,306.11,28,217.33,0.026,12,stop_loss,2.1505,0.496,0.08,NEUTRAL
UNH,2025-06-18,2025-06-23,307.44,297.97,27,-255.72,-0.0308,2,stop_loss,2.0199,0.4659,0.08,NEUTRAL
NKE,2025-06-12,2025-06-27,62.85,71.2,135,1127.84,0.1329,10,take_profit,1.7159,0.3958,0.08,NEUTRAL
UNH,2025-06-23,2025-07-02,300.9,315.19,28,400.14,0.0475,7,stop_loss,1.9831,0.4574,0.08,NEUTRAL
TGT,2025-06-18,2025-07-07,95.2,102.03,88,600.82,0.0717,11,stop_loss,1.9893,0.4588,0.08,NEUTRAL
LMT,2025-07-11,2025-07-18,467.7,463.33,18,-78.72,-0.0094,5,stop_loss,1.701,0.3923,0.08,NEUTRAL
MSFT,2025-07-18,2025-07-23,510.25,502.77,16,-119.66,-0.0147,3,stop_loss,1.6782,0.3871,0.08,NEUTRAL
DAL,2025-07-15,2025-07-30,55.74,54.15,154,-245.54,-0.0286,11,stop_loss,1.7099,0.3944,0.08,NEUTRAL
MRVL,2025-07-21,2025-07-31,73.08,80.82,118,913.82,0.106,8,stop_loss,1.6556,0.3819,0.08,NEUTRAL
HAL,2025-07-28,2025-08-01,22.86,22.01,376,-320.52,-0.0373,4,stop_loss,1.69,0.3898,0.08,NEUTRAL
NCLH,2025-08-06,2025-08-11,24.81,23.9,348,-315.93,-0.0366,3,stop_loss,1.9318,0.4456,0.08,NEUTRAL
TGT,2025-08-01,2025-08-13,99.8,104.0,86,360.78,0.042,8,stop_loss,1.7506,0.4038,0.08,NEUTRAL
COST,2025-08-05,2025-08-13,943.8,971.94,9,253.28,0.0298,6,stop_loss,1.907,0.4398,0.08,NEUTRAL
MRVL,2025-08-15,2025-08-19,76.23,71.97,113,-481.69,-0.0559,2,stop_loss,1.823,0.4205,0.08,NEUTRAL
TSLA,2025-08-13,2025-08-20,339.47,323.61,25,-396.42,-0.0467,5,stop_loss,1.9585,0.4517,0.08,NEUTRAL
AAL,2025-08-14,2025-08-21,12.83,12.74,675,-63.6,-0.0073,5,stop_loss,1.7355,0.4003,0.08,NEUTRAL
CMG,2025-08-21,2025-08-28,42.95,42.25,200,-140.37,-0.0163,5,stop_loss,1.7094,0.3943,0.08,NEUTRAL
GIS,2025-08-25,2025-08-28,49.35,48.3,174,-182.09,-0.0212,3,stop_loss,1.7257,0.398,0.08,NEUTRAL
FCX,2025-08-27,2025-09-02,43.89,43.37,196,-101.03,-0.0117,3,stop_loss,1.9355,0.4464,0.08,NEUTRAL
LLY,2025-08-21,2025-09-05,709.44,723.22,12,165.37,0.0194,10,stop_loss,1.7719,0.4087,0.08,NEUTRAL
SNOW,2025-09-03,2025-09-16,229.5,217.12,37,-457.91,-0.0539,9,stop_loss,1.7894,0.4127,0.08,NEUTRAL
COIN,2025-08-28,2025-09-17,308.62,316.65,27,216.79,0.026,13,stop_loss,1.7669,0.4075,0.08,NEUTRAL
DDOG,2025-09-30,2025-10-08,142.48,162.57,59,1185.23,0.141,6,take_profit,2.0422,0.471,0.08,NEUTRAL
MRVL,2025-09-29,2025-10-10,82.49,86.91,103,455.36,0.0536,9,stop_loss,1.7061,0.3935,0.08,NEUTRAL
AAL,2025-10-08,2025-10-10,11.81,11.87,732,45.98,0.0053,2,stop_loss,1.8011,0.4154,0.08,NEUTRAL
AAL,2025-10-13,2025-10-16,11.74,11.85,739,84.3,0.0097,3,stop_loss,1.6625,0.3835,0.08,NEUTRAL
CRM,2025-10-14,2025-10-17,239.99,243.58,36,129.1,0.0149,3,stop_loss,1.7448,0.4024,0.08,NEUTRAL
KO,2025-10-15,2025-10-21,67.12,71.28,129,537.2,0.062,4,take_profit,1.8852,0.4348,0.08,NEUTRAL
KHC,2025-10-16,2025-10-23,25.13,25.3,346,59.38,0.0068,5,stop_loss,2.0559,0.4742,0.08,NEUTRAL
LOW,2025-10-20,2025-10-23,242.44,240.87,35,-54.93,-0.0065,3,stop_loss,1.9115,0.4409,0.08,NEUTRAL
NET,2025-10-30,2025-11-03,222.58,258.07,39,1384.15,0.1595,2,take_profit,1.8149,0.4186,0.08,NEUTRAL
OXY,2025-11-10,2025-11-12,41.83,41.88,211,10.5,0.0012,2,stop_loss,1.7249,0.3979,0.08,NEUTRAL
FCX,2025-11-03,2025-11-14,41.19,40.11,214,-230.79,-0.0262,9,stop_loss,1.8374,0.4238,0.08,NEUTRAL
OXY,2025-11-12,2025-11-18,41.98,41.56,210,-87.17,-0.0099,4,stop_loss,2.116,0.488,0.08,NEUTRAL
GE,2025-11-17,2025-11-21,300.19,294.86,29,-154.43,-0.0177,4,stop_loss,1.66,0.3829,0.08,NEUTRAL
KHC,2025-11-21,2025-12-01,25.3,25.09,348,-71.48,-0.0081,5,stop_loss,1.8893,0.4358,0.08,NEUTRAL
ORCL,2025-12-05,2025-12-11,217.63,209.81,40,-312.81,-0.0359,4,stop_loss,1.6935,0.3906,0.08,NEUTRAL
CCL,2025-12-12,2025-12-22,27.65,32.05,315,1387.25,0.1593,6,take_profit,1.6647,0.384,0.08,NEUTRAL
NCLH,2025-12-17,2025-12-23,21.55,23.08,405,620.33,0.0711,4,stop_loss,1.6613,0.3832,0.08,NEUTRAL
