symbol,direction,entry_price,exit_price,shares,pnl_net,pnl_gross,hold_minutes,exit_reason,score,hurst,ir,entry_time,exit_time
AAPL,short,273.9179651794434,273.9179651794434,7,-1.97,0.0,90,STOP,1.0,0.5,-0.0271,2026-02-10 18:25:00+00:00,2026-02-10 19:55:00+00:00
TSLA,short,423.1083473205567,424.45001220703125,6,-10.66,-8.05,120,TIME,0.7692,0.5,-0.3552,2026-02-10 18:25:00+00:00,2026-02-10 20:25:00+00:00
TSLA,short,424.23778720092776,428.58,5,-23.9,-21.71,35,STOP,0.5385,0.5,-0.1854,2026-02-10 20:25:00+00:00,2026-02-11 14:30:00+00:00
SPY,short,693.772935119629,693.772935119629,3,-2.14,0.0,10,STOP,0.8462,0.5,-0.661,2026-02-11 14:55:00+00:00,2026-02-11 15:05:00+00:00
NVDA,short,191.12439122009278,191.12439122009278,14,-2.75,0.0,55,STOP,0.8154,0.5,-0.2388,2026-02-11 14:55:00+00:00,2026-02-11 15:50:00+00:00
META,short,672.37366696167,672.37366696167,4,-2.76,0.0,5,STOP,0.8,0.5,0.9785,2026-02-11 15:55:00+00:00,2026-02-11 16:00:00+00:00
SPY,short,692.5935324401856,692.5935324401856,3,-2.14,0.0,40,STOP,0.8462,0.5,-0.2301,2026-02-11 19:55:00+00:00,2026-02-11 20:35:00+00:00
AAPL,short,276.4517013397217,276.4517013397217,6,-1.7,0.0,45,STOP,0.7692,0.5,-1.0505,2026-02-11 19:55:00+00:00,2026-02-11 20:40:00+00:00
QQQ,short,613.2682247009278,612.97998046875,4,-1.37,1.15,120,TIME,0.8,0.5,0.258,2026-02-11 18:55:00+00:00,2026-02-11 20:55:00+00:00
META,short,668.3779241333008,674.34,4,-26.61,-23.85,5,STOP,0.8462,0.5,-0.0548,2026-02-11 20:55:00+00:00,2026-02-12 14:30:00+00:00
QQQ,short,612.6734904785156,615.24,4,-12.79,-10.27,5,STOP,0.7692,0.5,-0.0067,2026-02-11 20:55:00+00:00,2026-02-12 14:30:00+00:00
MSFT,short,403.2682662200928,403.2682662200928,6,-2.49,0.0,35,STOP,0.7692,0.5,-0.5937,2026-02-12 20:25:00+00:00,2026-02-13 14:30:00+00:00
NVDA,short,184.1129908370972,184.1129908370972,15,-2.84,0.0,50,STOP,0.8462,0.5,-0.1433,2026-02-13 18:55:00+00:00,2026-02-13 19:45:00+00:00
META,short,648.8554026794434,643.8099975585938,3,13.14,15.14,120,TIME,0.5385,0.5,-0.0369,2026-02-13 17:55:00+00:00,2026-02-13 19:55:00+00:00
MSFT,short,403.0399868621826,401.6199951171875,6,6.04,8.52,120,TIME,0.5385,0.5,-0.2207,2026-02-13 17:55:00+00:00,2026-02-13 19:55:00+00:00
QQQ,short,604.7974255981445,603.02001953125,3,3.47,5.33,120,TIME,0.5385,0.5,-0.2092,2026-02-13 17:55:00+00:00,2026-02-13 19:55:00+00:00
TSLA,short,419.4376677093506,419.4376677093506,6,-2.59,0.0,10,STOP,0.7692,0.5,-0.3945,2026-02-13 19:55:00+00:00,2026-02-13 20:05:00+00:00
MSFT,short,401.41918511962893,401.41918511962893,6,-2.48,0.0,30,STOP,0.7692,0.5,-0.5248,2026-02-13 19:55:00+00:00,2026-02-13 20:25:00+00:00
SPY,short,684.317643157959,681.5889975585937,3,6.08,8.19,115,TRAIL,0.8462,0.5,-0.3355,2026-02-13 18:55:00+00:00,2026-02-13 20:50:00+00:00
TSLA,short,417.21130342102055,410.82,6,35.79,38.35,5,TARGET,0.7692,0.5,-0.0461,2026-02-13 20:55:00+00:00,2026-02-17 14:30:00+00:00
AAPL,short,261.71898959350585,261.71898959350585,6,-1.61,0.0,25,STOP,0.5385,0.5,-0.0309,2026-02-17 17:25:00+00:00,2026-02-17 17:50:00+00:00
TSLA,short,409.2153034210205,410.5599060058594,6,-10.6,-8.07,120,TIME,0.8,0.5,0.659,2026-02-17 18:25:00+00:00,2026-02-17 20:25:00+00:00
META,short,639.5401773681641,641.2150268554688,4,-9.33,-6.7,120,TIME,0.8,0.5,0.5508,2026-02-17 18:25:00+00:00,2026-02-17 20:25:00+00:00
SPY,short,682.0488196411134,682.8699951171875,3,-4.57,-2.46,120,TIME,0.8,0.5,0.3926,2026-02-17 18:25:00+00:00,2026-02-17 20:25:00+00:00
QQQ,short,600.734455657959,601.16162109375,4,-4.18,-1.71,120,TIME,0.8,0.5,0.4242,2026-02-17 18:25:00+00:00,2026-02-17 20:25:00+00:00
GOOGL,short,302.29878720092773,302.29878720092773,7,-2.17,0.0,85,STOP,0.5385,0.5,-0.0938,2026-02-17 19:25:00+00:00,2026-02-17 20:50:00+00:00
SPY,short,682.528560119629,685.43,3,-10.81,-8.7,45,STOP,0.8462,0.5,-0.2418,2026-02-17 20:25:00+00:00,2026-02-18 14:40:00+00:00
QQQ,short,600.8610402832031,604.07,4,-15.31,-12.84,55,STOP,0.7692,0.5,-0.281,2026-02-17 20:25:00+00:00,2026-02-18 14:50:00+00:00
META,short,639.7549747009277,639.7549747009277,4,-2.63,0.0,40,STOP,0.5385,0.5,-0.1517,2026-02-18 18:55:00+00:00,2026-02-18 19:35:00+00:00
NVDA,short,188.70560305023196,186.85,15,24.94,27.83,80,TARGET,0.8462,0.5,-0.0469,2026-02-18 18:55:00+00:00,2026-02-18 20:15:00+00:00
AAPL,short,264.9410715942383,263.9531914550781,6,4.3,5.93,95,TRAIL,0.5846,0.5,-0.2006,2026-02-18 18:55:00+00:00,2026-02-18 20:30:00+00:00
META,short,636.4815877990723,640.65,4,-19.3,-16.67,35,STOP,0.7692,0.5,-0.3604,2026-02-18 19:55:00+00:00,2026-02-18 20:30:00+00:00
MSFT,short,400.24978720092776,400.24978720092776,7,-2.88,0.0,110,STOP,0.7692,0.5,-0.3033,2026-02-18 18:55:00+00:00,2026-02-18 20:45:00+00:00
TSLA,short,413.2632662200928,411.20001220703125,6,9.84,12.38,120,TIME,0.7692,0.5,-0.099,2026-02-18 18:55:00+00:00,2026-02-18 20:55:00+00:00
GOOGL,short,303.13836354064944,301.27920854492186,8,12.39,14.87,5,TRAIL,0.8,0.5,0.478,2026-02-18 20:55:00+00:00,2026-02-19 14:30:00+00:00
MSFT,short,399.32523139953616,399.5606048828125,7,-4.52,-1.65,10,STOP,0.7692,0.5,-0.1838,2026-02-18 20:55:00+00:00,2026-02-19 14:35:00+00:00
TSLA,short,409.5701979064942,409.9700012207031,5,-4.1,-2.0,120,TIME,0.5692,0.5,0.1682,2026-02-19 18:25:00+00:00,2026-02-19 20:25:00+00:00
META,short,643.030252746582,642.171829296875,3,0.59,2.58,35,TRAIL,0.5385,0.5,-0.0315,2026-02-19 20:25:00+00:00,2026-02-20 14:30:00+00:00
GOOGL,short,302.65859255981445,305.2,7,-19.98,-17.79,35,STOP,0.5846,0.5,-0.3095,2026-02-19 20:25:00+00:00,2026-02-20 14:30:00+00:00
NVDA,short,187.55616889953615,187.55616889953615,15,-2.89,0.0,10,STOP,0.8,0.5,0.0139,2026-02-20 14:55:00+00:00,2026-02-20 15:05:00+00:00
GOOGL,short,314.84250000000003,317.08,8,-20.5,-17.9,5,STOP,0.8462,0.5,-0.0229,2026-02-20 20:55:00+00:00,2026-02-23 14:30:00+00:00
NVDA,short,191.22434732055666,191.22434732055666,15,-2.95,0.0,80,STOP,0.8462,0.5,-0.5393,2026-02-23 15:25:00+00:00,2026-02-23 16:45:00+00:00
NVDA,short,191.36427671051027,190.88999938964844,14,3.89,6.64,120,TIME,0.8,0.5,0.166,2026-02-23 18:25:00+00:00,2026-02-23 20:25:00+00:00
MSFT,short,386.5916111602783,383.2731018066406,7,20.46,23.23,120,TIME,0.8462,0.5,-0.0754,2026-02-23 18:25:00+00:00,2026-02-23 20:25:00+00:00
AAPL,short,266.64660877990724,266.64660877990724,6,-1.64,0.0,25,STOP,0.5692,0.5,0.0822,2026-02-23 20:25:00+00:00,2026-02-23 20:50:00+00:00
QQQ,short,606.2217619018555,608.1900024414062,4,-10.37,-7.87,120,TIME,0.8462,0.5,-0.2398,2026-02-24 15:55:00+00:00,2026-02-24 17:55:00+00:00
TSLA,short,404.5376202392578,408.94,5,-24.1,-22.01,65,STOP,0.5385,0.5,-0.0298,2026-02-24 17:55:00+00:00,2026-02-24 19:00:00+00:00
AAPL,short,273.8280138397217,273.8280138397217,7,-1.97,0.0,45,STOP,0.8462,0.5,-0.0281,2026-02-25 16:25:00+00:00,2026-02-25 17:10:00+00:00
NVDA,short,195.94708242797853,197.36000061035156,13,-21.0,-18.37,120,TIME,0.5385,0.5,-0.1069,2026-02-25 15:25:00+00:00,2026-02-25 17:25:00+00:00
TSLA,short,414.6225715789795,414.0849914550781,5,0.56,2.69,120,TIME,0.5385,0.5,-0.0596,2026-02-25 15:25:00+00:00,2026-02-25 17:25:00+00:00
TSLA,short,413.8779489593506,415.9200134277344,6,-14.81,-12.25,120,TIME,0.8462,0.5,-0.3735,2026-02-25 17:25:00+00:00,2026-02-25 19:25:00+00:00
SPY,short,691.6239857177735,692.8699951171875,3,-5.87,-3.74,120,TIME,0.5385,0.5,-0.0767,2026-02-25 17:25:00+00:00,2026-02-25 19:25:00+00:00
GOOGL,short,310.2747776794434,312.04,8,-16.68,-14.12,105,STOP,0.8462,0.5,-0.1833,2026-02-25 18:25:00+00:00,2026-02-25 20:10:00+00:00
NVDA,short,196.6315392227173,196.89500427246094,13,-6.05,-3.43,120,TIME,0.5385,0.5,-0.0929,2026-02-25 18:25:00+00:00,2026-02-25 20:25:00+00:00
MSFT,short,398.5356178588867,400.84,7,-19.01,-16.13,120,STOP,1.0,0.5,-0.0303,2026-02-25 18:25:00+00:00,2026-02-25 20:25:00+00:00
TSLA,short,415.7120534210205,415.7120534210205,5,-2.14,0.0,65,STOP,0.5385,0.5,-0.0467,2026-02-25 19:25:00+00:00,2026-02-25 20:30:00+00:00
META,short,650.8880162353516,650.8880162353516,3,-2.01,0.0,25,STOP,0.5385,0.5,-0.2885,2026-02-25 20:25:00+00:00,2026-02-25 20:50:00+00:00
QQQ,short,615.7969279785157,614.74,4,1.7,4.23,35,TARGET,1.0,0.5,-0.0098,2026-02-25 20:25:00+00:00,2026-02-26 14:30:00+00:00
AAPL,short,273.7380625,273.7380625,7,-1.97,0.0,15,STOP,0.8462,0.5,-0.5396,2026-02-26 14:55:00+00:00,2026-02-26 15:10:00+00:00
META,short,653.5330553588867,655.9899291992188,3,-9.39,-7.37,120,TIME,0.5385,0.5,-0.1941,2026-02-26 16:55:00+00:00,2026-02-26 18:55:00+00:00
TSLA,short,407.41618511962895,401.77,5,26.15,28.23,65,TARGET,0.5385,0.5,-0.2037,2026-02-26 19:55:00+00:00,2026-02-27 14:30:00+00:00
QQQ,short,608.4955877990723,603.52,3,13.06,14.93,65,TARGET,0.5385,0.5,-0.0794,2026-02-26 19:55:00+00:00,2026-02-27 14:30:00+00:00
GOOGL,short,307.2862824401856,304.4,8,20.58,23.09,5,TARGET,0.8462,0.5,-0.2323,2026-02-26 20:55:00+00:00,2026-02-27 14:30:00+00:00
SPY,short,688.9753473205567,686.15,4,8.47,11.3,5,TARGET,1.0,0.5,-0.0376,2026-02-26 20:55:00+00:00,2026-02-27 14:30:00+00:00
GOOGL,short,308.17084970092776,307.90728759765625,7,-0.37,1.84,120,TIME,0.5385,0.5,-0.0873,2026-02-27 15:25:00+00:00,2026-02-27 17:25:00+00:00
MSFT,short,394.6425763397217,394.6425763397217,6,-2.43,0.0,30,STOP,0.5385,0.5,-0.0816,2026-02-27 17:25:00+00:00,2026-02-27 17:55:00+00:00
NVDA,short,178.81054389953616,178.81054389953616,14,-2.57,0.0,5,STOP,0.5385,0.5,-0.0096,2026-02-27 20:25:00+00:00,2026-02-27 20:30:00+00:00
TSLA,short,399.53014598083496,393.78,5,26.71,28.75,95,TARGET,0.5385,0.5,-0.0012,2026-02-27 19:25:00+00:00,2026-03-02 14:30:00+00:00
TSLA,short,401.67906488037113,401.67906488037113,5,-2.06,0.0,75,STOP,0.5385,0.5,-0.012,2026-03-02 17:55:00+00:00,2026-03-02 19:10:00+00:00
SPY,short,684.9373892822266,687.54,3,-9.92,-7.81,20,STOP,0.7692,0.5,-0.359,2026-03-02 18:55:00+00:00,2026-03-02 19:15:00+00:00
AAPL,short,264.4876851196289,266.25,7,-14.25,-12.34,35,STOP,0.7692,0.5,-0.2934,2026-03-02 18:55:00+00:00,2026-03-02 19:30:00+00:00
MSFT,short,399.30025,399.5000915527344,7,-4.27,-1.4,120,TIME,0.8462,0.5,-0.1158,2026-03-02 17:55:00+00:00,2026-03-02 19:55:00+00:00
GOOGL,short,308.1858263397217,307.2699890136719,8,4.8,7.33,120,TIME,0.8,0.5,0.1412,2026-03-02 17:55:00+00:00,2026-03-02 19:55:00+00:00
AAPL,short,265.6471087799072,265.8111122070313,6,-2.62,-0.98,10,STOP,0.5385,0.5,-0.324,2026-03-02 19:55:00+00:00,2026-03-02 20:05:00+00:00
META,short,655.0723244018556,655.0723244018556,3,-2.02,0.0,10,STOP,0.5385,0.5,-0.0061,2026-03-02 19:55:00+00:00,2026-03-02 20:05:00+00:00
SPY,short,687.8509098205567,687.6829219726562,3,-1.62,0.5,10,TRAIL,0.5385,0.5,-0.0498,2026-03-02 19:55:00+00:00,2026-03-02 20:05:00+00:00
TSLA,short,402.2487872009278,400.54500366210937,5,6.46,8.52,20,TRAIL,0.5385,0.5,-0.0072,2026-03-02 19:55:00+00:00,2026-03-02 20:15:00+00:00
AAPL,short,264.4677061004639,262.53930986328123,7,11.6,13.5,5,TRAIL,0.8462,0.5,-0.0141,2026-03-02 20:55:00+00:00,2026-03-03 14:30:00+00:00
META,short,651.5240505981445,651.5240505981445,3,-2.01,0.0,15,STOP,0.5385,0.5,-0.2189,2026-03-03 17:25:00+00:00,2026-03-03 17:40:00+00:00
MSFT,short,399.9281402435303,405.14,7,-39.38,-36.48,120,STOP,0.8,0.5,0.7985,2026-03-03 16:25:00+00:00,2026-03-03 18:25:00+00:00
TSLA,short,393.0933635406494,393.0933635406494,6,-2.42,0.0,70,STOP,0.8,0.5,0.3023,2026-03-03 18:25:00+00:00,2026-03-03 19:35:00+00:00
QQQ,short,601.4291154785157,606.43,3,-16.86,-15.0,95,STOP,0.5385,0.5,-0.1645,2026-03-03 19:25:00+00:00,2026-03-04 14:30:00+00:00
META,short,654.7824303588867,660.98,4,-27.49,-24.79,35,STOP,0.8462,0.5,-0.2011,2026-03-03 20:25:00+00:00,2026-03-04 14:30:00+00:00
MSFT,short,403.52314360046387,403.33309755859375,7,-1.57,1.33,35,TRAIL,0.8462,0.5,-0.4245,2026-03-03 20:25:00+00:00,2026-03-04 14:30:00+00:00
GOOGL,short,300.8944909210205,302.9949951171875,7,-16.88,-14.7,120,TIME,0.5385,0.5,-0.3077,2026-03-03 19:25:00+00:00,2026-03-04 14:55:00+00:00
TSLA,short,397.7923068389893,404.53,6,-42.9,-40.43,25,STOP,0.8462,0.5,-0.6084,2026-03-04 14:55:00+00:00,2026-03-04 15:20:00+00:00
NVDA,short,180.8795162200928,182.6898956298828,14,-27.96,-25.35,120,TIME,0.5385,0.5,-0.4108,2026-03-04 14:55:00+00:00,2026-03-04 16:55:00+00:00
QQQ,short,605.3572651672364,611.1400146484375,3,-19.22,-17.35,120,TIME,0.5385,0.5,-0.1632,2026-03-04 14:55:00+00:00,2026-03-04 16:55:00+00:00
MSFT,short,404.9374446411133,409.89,6,-32.23,-29.72,75,STOP,0.5385,0.5,-0.1826,2026-03-04 16:55:00+00:00,2026-03-04 18:10:00+00:00
GOOGL,short,303.9279465789795,303.17999267578125,7,3.05,5.24,120,TIME,0.5385,0.5,-0.0743,2026-03-04 16:55:00+00:00,2026-03-04 18:55:00+00:00
GOOGL,short,303.0284026794434,303.0284026794434,8,-2.49,0.0,95,STOP,0.7692,0.5,-0.0796,2026-03-04 18:55:00+00:00,2026-03-04 20:30:00+00:00
TSLA,short,405.2222752990723,401.92518779296876,5,14.41,16.49,65,TRAIL,0.5385,0.5,-0.0214,2026-03-04 19:55:00+00:00,2026-03-05 14:30:00+00:00
NVDA,short,182.81854866027834,181.64519755859374,14,13.8,16.43,5,TRAIL,0.5692,0.5,0.0983,2026-03-04 20:55:00+00:00,2026-03-05 14:30:00+00:00
SPY,short,684.817393157959,682.23,3,5.65,7.76,5,TARGET,0.7692,0.5,-0.2788,2026-03-04 20:55:00+00:00,2026-03-05 14:30:00+00:00
QQQ,short,610.3317054138184,607.63,4,8.3,10.81,5,TARGET,0.7692,0.5,-0.1172,2026-03-04 20:55:00+00:00,2026-03-05 14:30:00+00:00
NVDA,short,182.68860877990724,182.68860877990724,13,-2.44,0.0,50,STOP,0.5385,0.5,-0.4179,2026-03-05 16:25:00+00:00,2026-03-05 17:15:00+00:00
MSFT,short,409.08536354064944,409.08536354064944,6,-2.52,0.0,75,STOP,0.8462,0.5,-0.4957,2026-03-05 17:25:00+00:00,2026-03-05 18:40:00+00:00
MSFT,short,410.40968273925785,411.8999938964844,6,-11.48,-8.94,120,TIME,0.5385,0.5,-0.2983,2026-03-06 14:55:00+00:00,2026-03-06 16:55:00+00:00
NVDA,short,180.73458444976808,180.73458444976808,15,-2.79,0.0,80,STOP,0.7692,0.5,-0.1209,2026-03-06 17:55:00+00:00,2026-03-06 19:15:00+00:00
TSLA,short,398.1108425598145,400.04998779296875,5,-11.75,-9.7,120,TIME,0.5385,0.5,-0.1092,2026-03-06 17:55:00+00:00,2026-03-06 19:55:00+00:00
QQQ,short,602.3986622009278,603.27001953125,4,-5.96,-3.49,120,TIME,0.7692,0.5,-0.1647,2026-03-06 17:55:00+00:00,2026-03-06 19:55:00+00:00
TSLA,short,399.8499627990723,399.8499627990723,6,-2.47,0.0,15,STOP,0.8,0.5,0.088,2026-03-06 19:55:00+00:00,2026-03-06 20:10:00+00:00
QQQ,short,602.9683845214844,602.9683845214844,4,-2.48,0.0,15,STOP,0.8462,0.5,-0.0769,2026-03-06 19:55:00+00:00,2026-03-06 20:10:00+00:00
META,short,643.8478979187012,643.8478979187012,4,-2.65,0.0,45,STOP,0.7692,0.5,-0.1423,2026-03-06 19:55:00+00:00,2026-03-06 20:40:00+00:00
GOOGL,short,298.6306087799072,298.6306087799072,7,-2.15,0.0,45,STOP,0.5846,0.5,-0.1594,2026-03-06 19:55:00+00:00,2026-03-06 20:40:00+00:00
AAPL,short,256.20304167175294,257.44000244140625,6,-9.01,-7.42,120,TIME,0.5385,0.5,-0.0264,2026-03-06 18:55:00+00:00,2026-03-06 20:55:00+00:00
GOOGL,short,298.330770980835,294.3,7,26.08,28.22,5,TARGET,0.5692,0.5,0.094,2026-03-06 20:55:00+00:00,2026-03-09 13:30:00+00:00
GOOGL,short,296.95874615478516,300.79998779296875,7,-29.04,-26.89,120,TIME,0.5385,0.5,-0.0108,2026-03-09 14:25:00+00:00,2026-03-09 16:25:00+00:00
AAPL,short,256.5016898803711,256.5016898803711,7,-1.85,0.0,40,STOP,0.7692,0.5,-0.3571,2026-03-09 17:25:00+00:00,2026-03-09 18:05:00+00:00
META,short,636.4016107177735,634.3350219726562,3,4.24,6.2,120,TIME,0.5385,0.5,-0.0228,2026-03-09 16:25:00+00:00,2026-03-09 18:25:00+00:00
TSLA,short,388.8155047607422,392.44,6,-24.16,-21.75,75,STOP,0.8462,0.5,-0.2247,2026-03-09 17:25:00+00:00,2026-03-09 18:40:00+00:00
SPY,short,668.5105482177735,671.92,3,-12.29,-10.23,110,STOP,0.7692,0.5,-0.4214,2026-03-09 17:25:00+00:00,2026-03-09 19:15:00+00:00
NVDA,short,179.30030438995362,180.91,15,-26.92,-24.15,115,STOP,0.7692,0.5,-0.3083,2026-03-09 17:25:00+00:00,2026-03-09 19:20:00+00:00
SPY,short,675.5120505981446,681.3699951171875,3,-19.67,-17.57,120,TIME,0.5385,0.5,-0.3656,2026-03-10 13:55:00+00:00,2026-03-10 15:55:00+00:00
META,short,657.8484014892579,657.8484014892579,3,-2.03,0.0,40,STOP,0.5385,0.5,-0.0155,2026-03-10 16:55:00+00:00,2026-03-10 17:35:00+00:00
MSFT,short,405.84418708801275,405.84418708801275,6,-2.5,0.0,55,STOP,0.5385,0.5,-0.4804,2026-03-10 16:55:00+00:00,2026-03-10 17:50:00+00:00
TSLA,short,401.87397470092776,401.6953085449219,5,-1.17,0.89,15,TRAIL,0.5385,0.5,-0.024,2026-03-10 17:55:00+00:00,2026-03-10 18:10:00+00:00
SPY,short,681.7059735717773,681.1823755859375,3,-0.53,1.57,15,TRAIL,0.5385,0.5,-0.0009,2026-03-10 17:55:00+00:00,2026-03-10 18:10:00+00:00
GOOGL,short,308.1458377990723,307.92798779296874,8,-0.79,1.74,30,TRAIL,0.8462,0.5,-0.1376,2026-03-10 17:55:00+00:00,2026-03-10 18:25:00+00:00
AAPL,short,261.1943497009278,261.1943497009278,7,-1.88,0.0,25,STOP,0.8462,0.5,-0.2665,2026-03-10 18:55:00+00:00,2026-03-10 19:20:00+00:00
TSLA,short,400.3748162078858,400.3748162078858,6,-2.47,0.0,45,STOP,0.8462,0.5,-0.0727,2026-03-10 18:55:00+00:00,2026-03-10 19:40:00+00:00
AAPL,short,260.5896412200928,260.5896412200928,6,-1.61,0.0,80,STOP,0.5692,0.5,0.0061,2026-03-10 19:55:00+00:00,2026-03-11 14:45:00+00:00
TSLA,short,411.70532975769044,407.4100036621094,5,19.37,21.48,120,TIME,0.5385,0.5,-0.4026,2026-03-11 14:25:00+00:00,2026-03-11 16:25:00+00:00
NVDA,short,184.98245944976807,185.61000061035156,13,-10.63,-8.16,120,TIME,0.5846,0.5,-0.7838,2026-03-11 15:25:00+00:00,2026-03-11 17:25:00+00:00
NVDA,short,185.5171956100464,185.58470375976563,13,-3.36,-0.88,10,STOP,0.5385,0.5,-0.0001,2026-03-11 17:25:00+00:00,2026-03-11 17:35:00+00:00
QQQ,short,607.9658845214844,607.582129296875,3,-0.72,1.15,10,TRAIL,0.5385,0.5,-0.0086,2026-03-11 17:25:00+00:00,2026-03-11 17:35:00+00:00
META,short,651.50910446167,648.637009765625,3,6.61,8.62,95,TRAIL,0.5385,0.5,-0.0969,2026-03-11 18:25:00+00:00,2026-03-12 13:30:00+00:00
GOOGL,short,307.97593988037113,307.6777012207031,8,-0.15,2.39,35,TRAIL,0.8462,0.5,-0.0271,2026-03-11 19:25:00+00:00,2026-03-12 13:30:00+00:00
QQQ,short,606.2267642822266,603.4094122070312,3,6.59,8.45,35,TRAIL,0.5385,0.5,-0.0934,2026-03-11 19:25:00+00:00,2026-03-12 13:30:00+00:00
TSLA,short,399.6400763397217,399.6400763397217,5,-2.05,0.0,45,STOP,0.5385,0.5,-0.0012,2026-03-12 16:55:00+00:00,2026-03-12 17:40:00+00:00
NVDA,short,183.45432375335693,183.45432375335693,15,-2.83,0.0,90,STOP,0.8462,0.5,-0.2645,2026-03-12 17:55:00+00:00,2026-03-12 19:25:00+00:00
AAPL,short,255.622125,255.622125,6,-1.58,0.0,5,STOP,0.5385,0.5,-0.1323,2026-03-12 19:55:00+00:00,2026-03-13 13:30:00+00:00
GOOGL,short,303.3582547607422,305.26,8,-17.72,-15.21,5,STOP,0.7692,0.5,-0.7191,2026-03-12 19:55:00+00:00,2026-03-13 13:30:00+00:00
GOOGL,short,304.0079236602783,302.2337853515625,8,11.7,14.19,105,TRAIL,0.7692,0.5,-0.3255,2026-03-13 15:25:00+00:00,2026-03-13 17:10:00+00:00
QQQ,short,600.15979196167,600.15979196167,3,-1.85,0.0,40,STOP,0.5385,0.5,-0.2849,2026-03-16 15:55:00+00:00,2026-03-16 16:35:00+00:00
META,short,629.2851755981445,625.989990234375,4,10.6,13.18,120,TIME,0.8462,0.5,-0.0101,2026-03-16 14:55:00+00:00,2026-03-16 16:55:00+00:00
NVDA,short,184.34778244018557,183.83399963378906,15,4.87,7.71,120,TIME,0.8,0.5,0.1743,2026-03-16 16:55:00+00:00,2026-03-16 18:55:00+00:00
NVDA,short,183.7420826339722,183.7420826339722,15,-2.83,0.0,10,STOP,0.7692,0.5,-0.3391,2026-03-16 18:55:00+00:00,2026-03-16 19:05:00+00:00
QQQ,short,600.3496994018554,603.77,3,-12.12,-10.26,75,STOP,0.5385,0.5,-0.0789,2026-03-16 17:55:00+00:00,2026-03-16 19:10:00+00:00
AAPL,short,252.6136354904175,252.6136354904175,7,-1.82,0.0,25,STOP,0.8462,0.5,-0.2053,2026-03-16 18:55:00+00:00,2026-03-16 19:20:00+00:00
SPY,short,669.2701779785157,669.2701779785157,3,-2.06,0.0,30,STOP,0.5385,0.5,-0.0842,2026-03-16 18:55:00+00:00,2026-03-16 19:25:00+00:00
TSLA,short,396.37172232055667,396.37172232055667,6,-2.44,0.0,105,STOP,0.7692,0.5,-0.2374,2026-03-16 17:55:00+00:00,2026-03-16 19:40:00+00:00
SPY,short,668.6255419616699,671.48,3,-10.63,-8.56,5,STOP,0.8462,0.5,-0.0026,2026-03-16 19:55:00+00:00,2026-03-17 13:30:00+00:00
SPY,short,671.2991922607422,671.2991922607422,3,-2.07,0.0,10,STOP,0.8462,0.5,-0.2032,2026-03-17 15:25:00+00:00,2026-03-17 15:35:00+00:00
QQQ,short,604.3176851196289,603.4199829101562,4,1.11,3.59,120,TIME,0.8462,0.5,-0.024,2026-03-17 14:25:00+00:00,2026-03-17 16:25:00+00:00
AAPL,short,253.97295610046388,253.97295610046388,6,-1.57,0.0,50,STOP,0.5385,0.5,-0.1396,2026-03-17 18:25:00+00:00,2026-03-17 19:15:00+00:00
MSFT,short,399.61009255981446,398.8136901855469,7,2.7,5.57,120,TIME,0.8462,0.5,-0.0762,2026-03-17 17:25:00+00:00,2026-03-17 19:25:00+00:00
TSLA,short,397.80100000000004,401.37,5,-19.9,-17.84,95,STOP,0.5385,0.5,-0.3291,2026-03-17 18:25:00+00:00,2026-03-18 13:30:00+00:00
QQQ,short,602.9084169616699,602.6735926757813,4,-1.54,0.94,105,TRAIL,0.7692,0.5,-0.3056,2026-03-17 18:25:00+00:00,2026-03-18 13:40:00+00:00
NVDA,short,182.36877671051028,182.36877671051028,15,-2.81,0.0,100,STOP,0.8462,0.5,-0.0055,2026-03-18 15:55:00+00:00,2026-03-18 17:35:00+00:00
META,short,620.1398482055664,620.1398482055664,4,-2.55,0.0,120,STOP,0.5385,0.5,-0.3191,2026-03-18 15:55:00+00:00,2026-03-18 17:55:00+00:00
GOOGL,short,310.38672119140625,309.29998779296875,8,6.15,8.69,120,TIME,0.8462,0.5,-0.1388,2026-03-18 15:55:00+00:00,2026-03-18 17:55:00+00:00
META,short,606.73645803833,606.73645803833,4,-2.49,0.0,15,STOP,0.5385,0.5,-0.1084,2026-03-19 16:25:00+00:00,2026-03-19 16:40:00+00:00
AAPL,short,249.13536450958253,248.02200317382812,6,5.15,6.68,120,TIME,0.5385,0.5,-0.1244,2026-03-19 16:25:00+00:00,2026-03-19 18:25:00+00:00
GOOGL,short,306.6765715789795,304.10261342773435,7,15.82,18.02,35,TRAIL,0.5385,0.5,-0.0317,2026-03-19 19:25:00+00:00,2026-03-20 13:30:00+00:00
TSLA,short,374.4526946411133,374.4526946411133,6,-2.31,0.0,10,STOP,0.5385,0.5,-0.1377,2026-03-20 16:55:00+00:00,2026-03-20 17:05:00+00:00
AAPL,short,248.32577194976807,248.32577194976807,7,-1.79,0.0,25,STOP,0.8,0.5,0.1864,2026-03-20 18:55:00+00:00,2026-03-20 19:20:00+00:00
QQQ,short,592.9233607177734,592.9233607177734,3,-1.83,0.0,10,STOP,0.5385,0.5,-0.2825,2026-03-23 15:25:00+00:00,2026-03-23 15:35:00+00:00
META,short,607.6096174316407,607.6096174316407,4,-2.5,0.0,40,STOP,0.5385,0.5,-0.0078,2026-03-23 15:25:00+00:00,2026-03-23 16:05:00+00:00
AAPL,short,252.4536050720215,250.9199981689453,6,7.65,9.2,120,TIME,0.5385,0.5,-0.0829,2026-03-23 15:25:00+00:00,2026-03-23 17:25:00+00:00
NVDA,short,174.72259255981447,176.10499572753906,15,-23.44,-20.74,120,TIME,0.7692,0.5,-0.1269,2026-03-23 16:25:00+00:00,2026-03-23 18:25:00+00:00
TSLA,short,377.2013196411133,379.70001220703125,6,-17.33,-14.99,120,TIME,0.7692,0.5,-0.1556,2026-03-23 16:25:00+00:00,2026-03-23 18:25:00+00:00
GOOGL,short,300.9945385284424,302.010009765625,8,-10.6,-8.12,120,TIME,0.7692,0.5,-0.8125,2026-03-23 16:25:00+00:00,2026-03-23 18:25:00+00:00
SPY,short,653.7629818420411,657.3900146484375,3,-12.9,-10.88,120,TIME,0.7692,0.5,-0.436,2026-03-23 16:25:00+00:00,2026-03-23 18:25:00+00:00
NVDA,short,176.0169432296753,176.0169432296753,14,-2.53,0.0,90,STOP,0.5385,0.5,-0.0975,2026-03-23 18:25:00+00:00,2026-03-23 19:55:00+00:00
AAPL,short,251.63911688995364,251.63911688995364,7,-1.81,0.0,30,STOP,0.8462,0.5,-0.192,2026-03-23 19:25:00+00:00,2026-03-23 19:55:00+00:00
GOOGL,short,302.4886946411133,302.4886946411133,7,-2.18,0.0,30,STOP,0.5385,0.5,-0.0346,2026-03-23 19:25:00+00:00,2026-03-23 19:55:00+00:00
TSLA,short,379.51016220092777,379.31059755859377,6,-1.14,1.2,95,TRAIL,0.5385,0.5,-0.1707,2026-03-23 18:25:00+00:00,2026-03-24 13:30:00+00:00
SPY,short,657.0013520812988,652.59,3,11.21,13.23,35,TARGET,0.8462,0.5,-0.2484,2026-03-23 19:25:00+00:00,2026-03-24 13:30:00+00:00
SPY,short,654.8224494018555,654.8224494018555,3,-2.02,0.0,5,STOP,0.8462,0.5,-0.0737,2026-03-24 16:55:00+00:00,2026-03-24 17:00:00+00:00
NVDA,short,175.2773229904175,175.2773229904175,15,-2.7,0.0,115,STOP,0.8,0.5,0.54,2026-03-24 17:55:00+00:00,2026-03-24 19:50:00+00:00
AAPL,short,252.29879055023196,252.29879055023196,7,-1.82,0.0,65,STOP,0.7692,0.5,-0.0355,2026-03-24 18:55:00+00:00,2026-03-25 13:30:00+00:00
SPY,short,654.5325553588867,654.5325553588867,3,-2.02,0.0,65,STOP,0.5385,0.5,-0.0268,2026-03-24 18:55:00+00:00,2026-03-25 13:30:00+00:00
QQQ,short,585.0373520812989,585.0373520812989,3,-1.8,0.0,65,STOP,0.5385,0.5,-0.0343,2026-03-24 18:55:00+00:00,2026-03-25 13:30:00+00:00
NVDA,short,175.22234255981445,176.71,14,-23.36,-20.83,5,STOP,0.5385,0.5,-0.0384,2026-03-24 19:55:00+00:00,2026-03-25 13:30:00+00:00
TSLA,short,382.9184303588867,387.56,5,-25.19,-23.21,5,STOP,0.5385,0.5,-0.1842,2026-03-24 19:55:00+00:00,2026-03-25 13:30:00+00:00
TSLA,short,392.40370610046386,392.40370610046386,5,-2.02,0.0,10,STOP,0.5385,0.5,-0.1268,2026-03-25 15:25:00+00:00,2026-03-25 15:35:00+00:00
QQQ,short,588.6954952392579,588.6954952392579,3,-1.82,0.0,55,STOP,0.5385,0.5,-0.2916,2026-03-25 15:25:00+00:00,2026-03-25 16:20:00+00:00
NVDA,short,179.91,178.92999267578125,13,10.34,12.74,120,TIME,0.5385,0.5,-0.1347,2026-03-25 15:25:00+00:00,2026-03-25 17:25:00+00:00
META,short,597.820935119629,601.4249877929688,4,-16.88,-14.42,120,TIME,0.8462,0.5,-0.1393,2026-03-25 15:25:00+00:00,2026-03-25 17:25:00+00:00
TSLA,short,388.91543035888674,388.91543035888674,5,-2.0,0.0,90,STOP,0.5692,0.5,0.1054,2026-03-25 16:25:00+00:00,2026-03-25 17:55:00+00:00
AAPL,short,254.0179317703247,253.02819450683594,7,5.1,6.93,110,TRAIL,0.8462,0.5,-0.062,2026-03-25 17:25:00+00:00,2026-03-25 19:15:00+00:00
SPY,short,657.6910095214844,656.510009765625,3,1.52,3.54,120,TIME,0.8,0.5,0.1188,2026-03-25 17:25:00+00:00,2026-03-25 19:25:00+00:00
AAPL,short,253.64311927032472,255.69,7,-16.16,-14.33,25,STOP,0.8,0.5,1.117,2026-03-26 13:55:00+00:00,2026-03-26 14:20:00+00:00
AAPL,short,253.6780901794434,253.6780901794434,7,-1.83,0.0,90,STOP,0.7692,0.5,-0.4863,2026-03-26 17:55:00+00:00,2026-03-26 19:25:00+00:00
